"Longitude","Latitude","Admin","Year","disease"
-60.02,-3.11,-999,2002,"yf"
-75.28,-10.7,-999,1995,"yf"
-72.65,-12.83,-999,1998,"yf"
-73.81,-12.6,-999,1978,"yf"
-73.81,-12.6,-999,1977,"yf"
-71.97,-13.51,-999,1981,"yf"
-73.85984,-12.58021,-999,1977,"yf"
-76.51,-8.18,-999,1995,"yf"
-76.36,-6.5,-999,1999,"yf"
-56.26,-16.16,-999,1992,"yf"
-48.15,-2.41,-999,1978,"yf"
-47.48,-5.53,-999,1980,"yf"
-47.3,-1.2,-999,1971,"yf"
-3.7,11.23,-999,1983,"yf"
-4.34,7.45,-999,1982,"yf"
0.35,12.06,-999,1983,"yf"
-4.41,8.35,-999,1982,"yf"
-16.25,14.66,-999,1965,"yf"
-14.95,13.8,-999,1981,"yf"
-16.63,15.11,-999,1981,"yf"
-16.46,13.76,-999,1979,"yf"
-54.03,3.63,-999,1998,"yf"
-45.25,-19.71,-999,2001,"yf"
-45.25,-19.71,-999,2002,"yf"
32.75,4.17,-999,2003,"yf"
-48.48,-1.45,-999,1969,"yf"
-50.12,-15.95,-999,2000,"yf"
-51.86,-2.95,-999,1998,"yf"
-49.29,-8.24,-999,1981,"yf"
-50.48,-1.66,-999,1999,"yf"
-50.48,-1.66,-999,1987,"yf"
-44.36,-6.36,-999,1993,"yf"
-63.9,-8.76,-999,1983,"yf"
-46.06,-15.91,-999,1994,"yf"
-44.08,-6.6,-999,1995,"yf"
-54.06,-2.01,-999,1984,"yf"
-47.91,-15.78,-999,2000,"yf"
-45.25,-5.5,-999,1993,"yf"
-56.73,-2.13,-999,1984,"yf"
-47.78,-1.68,-999,1984,"yf"
-54.95,-2.63,-999,1978,"yf"
-47.06,-5.83,-999,1980,"yf"
-51.8,-16.96,-999,1988,"yf"
-46.86,-17.21,-999,1988,"yf"
-50.38,-0.16,-999,1998,"yf"
-48.9,-1.7,-999,1968,"yf"
-52.2,-3.2,-999,1977,"yf"
-52.2,-3.2,-999,1980,"yf"
-52.2,-3.2,-999,1979,"yf"
-52.2,-3.2,-999,1982,"yf"
-59.3,-9.98,-999,1975,"yf"
-55.46,-11.86,-999,1985,"yf"
-54.76,-1.93,-999,1976,"yf"
-46.75,-5.6,-999,1982,"yf"
-4.02,5.34,-999,2001,"yf"
29.65,12.05,-999,2005,"yf"
30.37,10.63,-999,2005,"yf"
31.06,11.85,-999,2005,"yf"
31.23,11.45,-999,2005,"yf"
29.71,11.01,-999,2005,"yf"
33.782849,2.584313,-999,2010,"yf"
24.141,12.737,-999,2012,"yf"
-4.041,12.653,-999,2006,"yf"
-3.185,11.64,-999,2006,"yf"
0.206,11.468,-999,2006,"yf"
-3.363,12.432,-999,2007,"yf"
1.134,11.84,-999,2007,"yf"
-2.607,13.767,-999,2008,"yf"
-2.057,13.845,-999,2008,"yf"
-0.094,14.381,-999,2008,"yf"
-1.964,14.202,-999,2008,"yf"
-3.421,9.968,-999,2003,"yf"
-3.128,9.997,-999,2003,"yf"
-4.665,10.665,-999,2004,"yf"
-4.635,10.576,-999,2004,"yf"
-4.775,9.788,-999,2004,"yf"
-4.623,10.023,-999,2004,"yf"
-3.793,10.639,-999,2004,"yf"
-3.597,10.175,-999,2004,"yf"
-3.127,10.026,-999,2004,"yf"
-3.496,10.766,-999,2004,"yf"
-5.251,11.23,-999,2004,"yf"
-4.51,11.831,-999,2004,"yf"
-3.987,11.846,-999,2004,"yf"
-3.338,11.29,-999,2004,"yf"
-4.204,12.102,-999,2004,"yf"
-3.327,12.337,-999,2004,"yf"
-5.283,10.72,-999,2005,"yf"
-5.305,10.645,-999,2005,"yf"
-4.966,10.424,-999,2005,"yf"
-4.53,10.52,-999,2005,"yf"
-4.077,10.499,-999,2005,"yf"
-4.926,9.903,-999,2005,"yf"
-3.941,10.006,-999,2005,"yf"
-3.656,10.82,-999,2005,"yf"
-3.392,10.449,-999,2005,"yf"
-3.31,10.434,-999,2005,"yf"
-3.049,10.038,-999,2005,"yf"
-2.953,9.806,-999,2005,"yf"
-2.824,10.174,-999,2005,"yf"
-3.174,11.081,-999,2005,"yf"
-2.282,11.387,-999,2005,"yf"
-4.385,12.475,-999,2005,"yf"
-4.233,12.68,-999,2005,"yf"
-3.321,12.634,-999,2005,"yf"
-2.791,12.565,-999,2005,"yf"
-58.408642,-16.361193,-999,2002,"yf"
-67.200515,-15.800061,-999,2007,"yf"
-63.314338,-18.786916,-999,1999,"yf"
-64.112263,-18.489285,-999,1999,"yf"
-63.383651,-17.993876,-999,1999,"yf"
-63.635905,-18.130366,-999,1999,"yf"
-65.423369,-16.971508,-999,2006,"yf"
-63.18117,-17.78629,-999,2006,"yf"
-68.301091,-16.649015,-999,2002,"yf"
-65.521689,-16.831642,-999,2005,"yf"
-65.399568,-16.915474,-999,2006,"yf"
13.234,-8.838,-999,1971,"yf"
-1.561,12.283,-999,1983,"yf"
18.556,4.362,-999,1985,"yf"
30.206,3.868,-999,1958,"yf"
37.13,6.504,-999,1961,"yf"
37.55,6.033,-999,1966,"yf"
-16.652,13.388,-999,2001,"yf"
-1.023,7.947,-999,1927,"yf"
-15.18,11.803,-999,1965,"yf"
-3.721,7.2,-999,1999,"yf"
35.767,0.177,-999,1993,"yf"
8.675,9.081,-999,1946,"yf"
8.68,9.09,-999,1970,"yf"
3.935,7.837,-999,1987,"yf"
8.68,9.09,-999,1987,"yf"
5.933,7.25,-999,1991,"yf"
-14.452,14.497,-999,1953,"yf"
-16.233,14.653,-999,1965,"yf"
-16.44,14.634,-999,1965,"yf"
30.75,12,-999,1940,"yf"
32.567,4.417,-999,2003,"yf"
32.567,4.471,-999,2003,"yf"
32.29,1.373,-999,1948,"yf"
32.465,0.053,-999,1964,"yf"
32.869,3.295,-999,2010,"yf"
8.41,6.85,-999,1986,"yf"
9.06,6.78,-999,1986,"yf"
-14.21,13.31,-999,1979,"yf"
-14.8,13.48,-999,1978,"yf"
-16.09,13.48,-999,1979,"yf"
-14.21,13.46,-999,1979,"yf"
-14.58,13.5,-999,1979,"yf"
-14.65,13.43,-999,1978,"yf"
-16.45,13.4,-999,1979,"yf"
-15.55,13.46,-999,1979,"yf"
4.18,8.08,-999,1988,"yf"
-14.81,13.53,-999,1979,"yf"
-15.55,13.46,-999,1978,"yf"
-14.53,13.3,-999,1979,"yf"
4.31,7.9,-999,1987,"yf"
3.78,7.47,-999,1987,"yf"
4.18,8.08,-999,1987,"yf"
3.93,7.38,-999,1987,"yf"
4.73,7.61,-999,1987,"yf"
3.83,8.88,-999,1987,"yf"
3.4,8.65,-999,1987,"yf"
6.02,10.13,-999,1987,"yf"
4.13,8.75,-999,1987,"yf"
4.56,7.46,-999,1987,"yf"
4.58,7.83,-999,1987,"yf"
3.75,7.33,-999,1987,"yf"
4.18,7.35,-999,1987,"yf"
3.89,7.38,-999,1987,"yf"
3.58,7.95,-999,1987,"yf"
-53.76,-20.45,-999,1987,"yf"
-13.03,10.9,-999,2001,"yf"
-12.85,10.06,-999,2001,"yf"
-12.4,11.08,-999,2001,"yf"
-12.63,9.86,-999,2001,"yf"
-11.68,11.45,-999,2001,"yf"
-13.2,11.75,-999,2001,"yf"
-12.3,12.08,-999,2001,"yf"
-12.28,11.31,-999,2001,"yf"
-12.25,10.7,-999,2001,"yf"
-11.11,10.75,-999,2001,"yf"
-9.01,9.26,-999,2001,"yf"
-9.3,10.38,-999,2001,"yf"
-10.73,10.03,-999,2001,"yf"
-11.9,11.58,-999,2001,"yf"
-50.12,-15.95,-999,1973,"yf"
-48.62,-16.65,-999,1973,"yf"
-47.22,-15.02,-999,1973,"yf"
-49.35,-17.28,-999,1973,"yf"
-49.57,-15.35,-999,1973,"yf"
-48.28,-17.32,-999,1973,"yf"
-50.85,-15.88,-999,1973,"yf"
-48.15,-17.73,-999,1973,"yf"
-49.18,-16.98,-999,1973,"yf"
-48.97,-15.78,-999,1973,"yf"
-51.83,-16.65,-999,1973,"yf"
-49.3,-15.75,-999,1973,"yf"
-52.55,-17.57,-999,1973,"yf"
-51.92,-18.25,-999,1973,"yf"
-47.9,-18.2,-999,1973,"yf"
-49.92,-15.73,-999,1973,"yf"
-46.32,-14.05,-999,1973,"yf"
-48.45,-14.45,-999,1973,"yf"
-51.75,-17.97,-999,1973,"yf"
-48.97,-16.32,-999,1973,"yf"
-49.1,-14.63,-999,1973,"yf"
-50.6,-15.87,-999,1973,"yf"
-47.62,-16.72,-999,1973,"yf"
-49.25,-18.42,-999,1973,"yf"
-48.98,-16.97,-999,1973,"yf"
-49.5,-16.47,-999,1973,"yf"
-49.52,-16.38,-999,1973,"yf"
-49.88,-17.37,-999,1973,"yf"
-51.12,-16.42,-999,1973,"yf"
-52.25,-15.92,-999,1973,"yf"
-47.95,-16.27,-999,1973,"yf"
-49.03,-15.35,-999,1973,"yf"
-49.28,-16.13,-999,1973,"yf"
-50.53,-18.97,-999,1973,"yf"
35.8,0.36,-999,1993,"yf"
35.78,0.38,-999,1993,"yf"
35.55,0.57,-999,1993,"yf"
35.73,0.37,-999,1993,"yf"
35.88,0.15,-999,1993,"yf"
-14.68,14.36,-999,1995,"yf"
-14.75,14.41,-999,1995,"yf"
-14.8,14.41,-999,1995,"yf"
-14.88,14.41,-999,1995,"yf"
-14.93,14.28,-999,1995,"yf"
-15.51,13.95,-999,1996,"yf"
-15.43,14.11,-999,1996,"yf"
-15.55,13.93,-999,1996,"yf"
-15.58,14.13,-999,1996,"yf"
-15.58,14.06,-999,1996,"yf"
-63.16,-17.8,-999,1998,"yf"
-50.73,-20.03,-999,2000,"yf"
-47.66,-15.61,-999,2000,"yf"
-49.95,-0.98,-999,2000,"yf"
-48.7,-20.13,-999,2000,"yf"
-60.61,-3.3,-999,2000,"yf"
-44.46,-13.83,-999,2000,"yf"
-44.36,-6.36,-999,1994,"yf"
-44.08,-6.6,-999,1994,"yf"
-45.25,-5.5,-999,1994,"yf"
-44.88,-4.88,-999,1994,"yf"
-49.29,-8.24,-999,1999,"yf"
-56.01,-4.21,-999,1999,"yf"
-55.51,-1.9,-999,1999,"yf"
-49.71,-8.87,-999,1999,"yf"
-51.65,-1.41,-999,1999,"yf"
-50.38,-0.16,-999,1999,"yf"
-3.62,7.19,-999,1993,"yf"
-7.48,6.54,-999,2001,"yf"
-6.28,6.48,-999,2001,"yf"
-5.66,5.83,-999,2001,"yf"
-5.36,5.83,-999,2001,"yf"
-6.45,6.87,-999,2001,"yf"
-7.25,6.66,-999,2001,"yf"
-5.93,6.31,-999,2001,"yf"
-8.2,6.91,-999,2001,"yf"
-3.45,10.13,-999,1999,"yf"
-4.58,8.01,-999,1977,"yf"
-5.25,6.55,-999,1977,"yf"
-4.51,8.45,-999,1977,"yf"
-4.49,7.9,-999,1977,"yf"
-4.52,7.89,-999,1977,"yf"
-4.44,7.85,-999,1977,"yf"
-8.07,12.74,-999,1987,"yf"
-50.58,-0.91,-999,1987,"yf"
11.84,-4.79,-999,NA,"yf"
-60.86,2.41,-999,1993,"yf"
-51.91,-2.58,-999,1984,"yf"
-48.15,-2.41,-999,1979,"yf"
-12.3,9.33,-999,1972,"yf"
-10.68,7.98,-999,1972,"yf"
-11.36,9.53,-999,1972,"yf"
-11.83,8.76,-999,1972,"yf"
-11.93,7.71,-999,1972,"yf"
-11.73,9.68,-999,1972,"yf"
-11.7,8.45,-999,1972,"yf"
-10.97,7.67,-999,1972,"yf"
-13.23,8.49,-999,1972,"yf"
-1.07,11.66,-999,1983,"yf"
-0.36,11.78,-999,1983,"yf"
0.06,11.65,-999,1983,"yf"
-12.32,12.13,-999,2001,"yf"
-13.52,9.79,-999,2001,"yf"
-11.8,11.48,-999,2001,"yf"
-12.2,10.45,-999,2001,"yf"
-13.72,9.52,-999,2001,"yf"
-7.45,5.86,-999,1993,"yf"
14.14,11.04,-999,1990,"yf"
13.8,10.74,-999,1990,"yf"
-10.06,5.91,-999,1995,"yf"
12.86,0.56,-999,1995,"yf"
-10.81,6.87,-999,1996,"yf"
-10.1,6.74,-999,1996,"yf"
-9.03,5.01,-999,1996,"yf"
-60.02,-3.11,-999,1996,"yf"
-14.8,13.98,-999,1995,"yf"
2.71,10.78,-999,1996,"yf"
-75.6,-1.51,-999,1997,"yf"
-75.95,-1.61,-999,1997,"yf"
-76.96,-2.06,-999,1997,"yf"
-72.13,2.89,-999,1997,"yf"
-75.82,6.55,-999,1991,"yf"
-74.1,4.61,-999,1991,"yf"
-73.35,5.45,-999,1991,"yf"
-55.51,-1.9,-999,1997,"yf"
-51.65,-1.41,-999,1997,"yf"
-40.65,-7.43,-999,1997,"yf"
-50.38,-0.16,-999,1997,"yf"
-10.11,6.23,-999,1995,"yf"
-10.35,6.8,-999,1995,"yf"
-8.57,7.48,-999,1998,"yf"
-2.91,9.88,-999,1998,"yf"
-64.25,3.5,-999,1998,"yf"
-56.01,-4.21,-999,1998,"yf"
-60.66,2.81,-999,1998,"yf"
-61.47,2.9,-999,1998,"yf"
-57.26,-8.95,-999,1998,"yf"
-60.95,2.45,-999,1998,"yf"
-63.4,-18.76,-999,1999,"yf"
-62.5,-15.92,-999,1999,"yf"
-63.63,-17.78,-999,1999,"yf"
-60.693197,-16.577793,-999,1999,"yf"
-63.08,-17.93,-999,1999,"yf"
-63.06,-17,-999,1999,"yf"
-63.85,-18.48,-999,1999,"yf"
-76.96,-6.05,-999,1999,"yf"
-76.53,-6.41,-999,1999,"yf"
-76.95,-6.11,-999,1999,"yf"
-12.32,12.13,-999,2000,"yf"
-12.63,9.86,-999,2000,"yf"
-11.9,11.58,-999,2000,"yf"
-12.28,11.31,-999,2000,"yf"
-11.8,11.48,-999,2000,"yf"
-47.66,-11.98,-999,2000,"yf"
-48.45,-14.45,-999,2000,"yf"
-48.98,-15.06,-999,2000,"yf"
-46.89,-12.97,-999,2000,"yf"
-49.5,-1,-999,2000,"yf"
-50.85,-15.88,-999,2000,"yf"
-47.47,-14.08,-999,1999,"yf"
-47.47,-14.08,-999,2000,"yf"
-47.52,-14.12,-999,2000,"yf"
-12.15,12.58,-999,2001,"yf"
-15.55,14.1,-999,1996,"yf"
-14.8,13.98,-999,1996,"yf"
-45.28,-20.08,-999,2001,"yf"
-44.98,-19.86,-999,2001,"yf"
-44.9,-20.15,-999,2001,"yf"
-45.4,-19.83,-999,2001,"yf"
-46.05,-19.31,-999,2001,"yf"
-45.03,-19.7,-999,2001,"yf"
-44.9,-19.73,-999,2001,"yf"
-45.21,-19.33,-999,2001,"yf"
-45.66,-19.8,-999,2001,"yf"
-55.65,-28.18,-999,2001,"yf"
-71.01,-3.9,-999,2001,"yf"
-73.24,-3.74,-999,2001,"yf"
-9.58,5.46,-999,2000,"yf"
-0.24,11.05,-999,2001,"yf"
-13.71,9.5,-999,2001,"yf"
-50.48,-1.66,-999,2002,"yf"
-16.41,14.33,-999,2002,"yf"
-16.46,14.7,-999,2002,"yf"
-16.05,15.05,-999,2002,"yf"
-15.91,14.8,-999,2002,"yf"
-16.45,15.36,-999,2002,"yf"
-16.06,14.5,-999,2002,"yf"
-17.43,14.67,-999,2002,"yf"
-16.7,14.76,-999,2002,"yf"
-15.88,14.85,-999,2002,"yf"
-16.7,14.41,-999,2002,"yf"
-13.66,13.78,-999,2002,"yf"
-62.73,-17.31,-999,2002,"yf"
-62.68333,-19.85,-999,2002,"yf"
-76.29,-7.57,-999,2003,"yf"
-11.68,8.65,-999,2003,"yf"
-72.08,7.58,-999,2003,"yf"
-72.54,10.06,-999,2003,"yf"
-72.51,8.74,-999,2003,"yf"
-71.64,10.63,-999,2003,"yf"
-43.38,-18.61,-999,2003,"yf"
-51.65,-1.41,-999,2003,"yf"
-74.76,2.11,-999,2003,"yf"
-9.01,9.26,-999,2003,"yf"
-9.46,8.54,-999,2003,"yf"
-43.3,-18.5,-999,2003,"yf"
-41.1,-19.01,-999,2003,"yf"
-43.1,-18.66,-999,2003,"yf"
-41.46,-17.56,-999,2003,"yf"
-42.95,-18.78,-999,2003,"yf"
-42.15,-20.71,-999,2003,"yf"
-57.68,-16.06,-999,2003,"yf"
-73.69,10.84,-999,2004,"yf"
-73.26,8.75,-999,2003,"yf"
33.1,4.07,-999,2003,"yf"
-6.97,9.72,-999,2003,"yf"
-71.73,9.36,-999,2003,"yf"
-72.32,7.82,-999,2003,"yf"
-69.2,8.7,-999,2003,"yf"
-4.3,11.2,-999,2004,"yf"
-3.18,10.33,-999,2004,"yf"
-60.1,-3.25,-999,2004,"yf"
-63.56,10.18,-999,2004,"yf"
-70.9,-12.25,-999,2004,"yf"
-64.3,-16.75,-999,2004,"yf"
-76.96,-6.05,-999,2004,"yf"
-72.65,-12.83,-999,2004,"yf"
-75.21,-10.96,-999,2004,"yf"
-74.2,11.24,-999,2004,"yf"
-57.48,-14.63,-999,2003,"yf"
-73.3,11.27,-999,2004,"yf"
-74.87,-10.92,-999,2004,"yf"
-76.68,-6.48,-999,2004,"yf"
-75.99,-11.15,-999,2004,"yf"
-69.95,-4.25,-999,2004,"yf"
-75.93,-9.16,-999,2004,"yf"
-73.25,10.47,-999,2004,"yf"
-76.23,-9.91,-999,2004,"yf"
-60.95,-16.36,-999,2004,"yf"
-49.68,-5.58,-999,2004,"yf"
-5.18,11.55,-999,2004,"yf"
-2.91,9.88,-999,2005,"yf"
-4.76,10.63,-999,2005,"yf"
-3.18,10.33,-999,2005,"yf"
-76.87,0.69,-999,2005,"yf"
-2.7,10.53,-999,2004,"yf"
-8.82,7.74,-999,2005,"yf"
-9.48,13.05,-999,2005,"yf"
-12.5,11.5,-999,2005,"yf"
28.43,9.6,-999,2005,"yf"
29.13,11.4,-999,2005,"yf"
-67.11,7.71,-999,2004,"yf"
-61.31,4.61,-999,2004,"yf"
-12.08,10.38,-999,2005,"yf"
-67.6,8.11,-999,2005,"yf"
-67.41,8,-999,2005,"yf"
11.88333,3.25,-999,2007,"yf"
16.37785,6.31561,-999,2008,"yf"
-4.02806,5.34111,-999,2008,"yf"
-7.569,9.51,-999,2010,"yf"
9.43861,4.64389,-999,2010,"yf"
-4.02806,5.34111,-999,2010,"yf"
-5.1,8.13333,-999,2011,"yf"
-2.7,10.533,-999,2011,"yf"
-74.22389,-13.15833,-999,2012,"yf"
33.33333,2.83333,-999,2012,"yf"
21.46179,12.21118,-999,2013,"yf"
-2.7,10.533,-999,2013,"yf"
26.41939,1.64063,-999,2014,"yf"
25.85,-9.2,-999,2014,"yf"
23.68665,3.81461,-999,2014,"yf"
24.72998,2.78582,-999,2014,"yf"
26.42529,-8.19881,-999,2014,"yf"
13.34962,-8.89714,-999,2016,"yf"
17.3856,-3.31523,-999,2013,"yf"
25.567,3.267,-999,2010,"yf"
14.68794,-13.78667,-999,2016,"yf"
15.73917,-12.77611,-999,2016,"yf"
-74.967,-9.367,-999,2015,"yf"
-73.24722,-3.74806,-999,2015,"yf"
-75.34122,-11.3358,-999,2016,"yf"
17.083,5.317,-999,2009,"yf"
-2.41667,13.58333,-999,2008,"yf"
-4.01167,5.34889,-999,2013,"yf"
-3.96299,5.25677,-999,2013,"yf"
-16.791,13.349,-999,2010,"yf"
-8.86028,6.49222,-999,2009,"yf"
-9.43028,7.77944,-999,2009,"yf"
-50.57422,-13.21602,-999,2015,"yf"
-47.92972,-15.77972,-999,2008,"yf"
-49.90222,-6.0675,-999,2008,"yf"
-46.63611,-23.5475,-999,2009,"yf"
13.275,-8.84861,-999,2016,"yf"
-48.445,-22.88583,-999,2009,"yf"
-52.09861,-32.035,-999,2009,"yf"
-8.87194,6.49444,-999,2008,"yf"
16.85,4.5,-999,2008,"yf"
17.46667,4.31667,-999,2008,"yf"
-4.00917,5.30333,-999,2008,"yf"
-11.73833,7.96472,-999,2008,"yf"
-11.73833,7.96472,-999,2009,"yf"
-48.98333,-23.5,-999,2008,"yf"
-73.08775,-14.05045,-999,2013,"yf"
32.56556,0.31556,-999,2010,"yf"
-6.18972,8.05861,-999,2011,"yf"
-74.22389,-13.15833,-999,2011,"yf"
-74.22389,-13.15833,-999,2013,"yf"
32.53417,15.58806,-999,2012,"yf"
33.33333,2.83333,-999,2010,"yf"
-6.67306,7.96111,-999,2011,"yf"
-2.50192,10.06069,-999,2011,"yf"
-5.57972,7.67611,-999,2011,"yf"
-73.90806,-12.4095,-999,2013,"yf"
9.241,4.153,-999,2009,"yf"
14.989,-0.557,-999,2009,"yf"
-11.43333,7.91667,-999,2009,"yf"
-11.67861,7.42083,-999,2009,"yf"
-7.78695,10.1621,-999,2009,"yf"
-7.28358,9.691121,-999,2009,"yf"
-7.382981,9.81679,-999,2009,"yf"
17.65,5.266667,-999,2009,"yf"
17.116667,5.266667,-999,2009,"yf"
18.55,4.366667,-999,2009,"yf"
16.366667,6.3,-999,2008,"yf"
21.2,5.05,-999,2009,"yf"
21.183333,4.316667,-999,2010,"yf"
22.15,6.816667,-999,2008,"yf"
-52.878056,-20.448056,-999,NA,"yf"
-5.91667,6.41667,-999,2006,"yf"
-8.861439,6.642959,-999,2008,"yf"
-57.419749,-25.363093,-999,2008,"yf"
16.19123,5.97287,-999,2006,"yf"
-9.950294,9.583429,-999,2006,"yf"
-8.36667,11.13333,-999,2006,"yf"
-0.220505,7.78061,-999,2006,"yf"
-10.50735,9.525464,-999,2008,"yf"
-12.03745,7.58227,-999,2011,"yf"
-9.6368821,8.0697911,-999,2009,"yf"
-11.586928,7.932865,-999,2008,"yf"
-57.552096,-25.337882,-999,2008,"yf"
22.249388,15.125633,-999,2012,"yf"
-65.241408,-16.995643,-999,2012,"yf"
-75.326077,1.571575,-999,2013,"yf"
-6.617,8.58,-999,2010,"yf"
-6.623,8.46,-999,2010,"yf"
-6.612,8.447,-999,2010,"yf"
-6.66,8.334,-999,2010,"yf"
-50.504,-27.465,-999,2005,"yf"
-55.896,-22.494,-999,2003,"yf"
-56.108,-22.075,-999,2006,"yf"
-56.751,-22.075,-999,2008,"yf"
-57.275,-21.969,-999,2007,"yf"
-56.312,-21.349,-999,2005,"yf"
-56.634,-21.031,-999,2003,"yf"
-55.991,-20.407,-999,2000,"yf"
-55.027,-20.314,-999,2005,"yf"
-54.827,-20.32,-999,2008,"yf"
-54.5,-20.009,-999,2008,"yf"
-53.86,-20.332,-999,2005,"yf"
-54.926,-19.69,-999,2005,"yf"
-54.176,-19.485,-999,2008,"yf"
-54.709,-19.273,-999,2005,"yf"
-54.699,-18.019,-999,2005,"yf"
-57.788,-18.932,-999,2005,"yf"
-57.784,-18.829,-999,2006,"yf"
-50.879,-19.936,-999,2008,"yf"
-50.447,-19.939,-999,2006,"yf"
-48.757,-20.063,-999,2004,"yf"
-43.976,-20.838,-999,2007,"yf"
-44.917,-18.736,-999,2006,"yf"
-44.272,-17.378,-999,2005,"yf"
-44.155,-16.322,-999,2002,"yf"
-46.872,-17.196,-999,2008,"yf"
-44.152,-16.329,-999,2008,"yf"
-46.019,-16.574,-999,2006,"yf"
-46.549,-16.468,-999,2006,"yf"
-46.975,-16.357,-999,2002,"yf"
-46.119,-15.947,-999,2008,"yf"
-50.602,-18.941,-999,2006,"yf"
-52.09,-18.297,-999,2008,"yf"
-51.769,-17.881,-999,2008,"yf"
-52.615,-17.556,-999,2006,"yf"
-51.026,-17.785,-999,2008,"yf"
-49.378,-17.96,-999,1987,"yf"
-48.64,-18.07,-999,2005,"yf"
-48.049,-18.124,-999,1996,"yf"
-48.209,-17.696,-999,2005,"yf"
-48.685,-17.703,-999,2005,"yf"
-48.342,-17.285,-999,2006,"yf"
-48.577,-17.282,-999,2008,"yf"
-49.482,-17.228,-999,2005,"yf"
-50.013,-17.264,-999,1993,"yf"
-47.711,-16.773,-999,2006,"yf"
-48.741,-17.124,-999,2008,"yf"
-49.162,-16.951,-999,2005,"yf"
-48.625,-16.708,-999,2008,"yf"
-49.258,-16.703,-999,2005,"yf"
-50.008,-16.748,-999,2006,"yf"
-50.751,-16.636,-999,2004,"yf"
-51.283,-16.474,-999,1987,"yf"
-51.862,-16.418,-999,2008,"yf"
-51.868,-16.94,-999,2005,"yf"
-52.398,-16.624,-999,2006,"yf"
-51.858,-16.419,-999,2005,"yf"
-49.794,-16.48,-999,2005,"yf"
-49.502,-16.494,-999,2006,"yf"
-49.097,-16.391,-999,1983,"yf"
-48.724,-16.183,-999,1997,"yf"
-48.518,-16.083,-999,2005,"yf"
-47.985,-16.232,-999,2003,"yf"
-49.046,-15.87,-999,1998,"yf"
-49.578,-15.968,-999,1987,"yf"
-49.366,-15.766,-999,2008,"yf"
-48.029,-15.728,-999,2005,"yf"
-47.708,-15.408,-999,2005,"yf"
-47.392,-15.512,-999,2008,"yf"
-48.938,-15.45,-999,2005,"yf"
-49.148,-15.343,-999,2008,"yf"
-49.682,-15.338,-999,2007,"yf"
-50.001,-15.539,-999,2005,"yf"
-50.213,-15.964,-999,2003,"yf"
-50.429,-16.167,-999,2005,"yf"
-50.851,-15.952,-999,2000,"yf"
-50.747,-15.749,-999,2008,"yf"
-51.07,-15.747,-999,2008,"yf"
-48.933,-14.929,-999,2003,"yf"
-48.507,-14.513,-999,1999,"yf"
-49.144,-14.51,-999,2008,"yf"
-49.685,-14.662,-999,2005,"yf"
-49.888,-14.501,-999,2006,"yf"
-50.415,-14.077,-999,2008,"yf"
-49.879,-13.565,-999,2008,"yf"
-49.351,-13.878,-999,2005,"yf"
-49.246,-13.989,-999,2005,"yf"
-47.551,-14.733,-999,2005,"yf"
-48.128,-14.101,-999,2008,"yf"
-48.229,-13.617,-999,2005,"yf"
-47.596,-14.11,-999,2008,"yf"
-47.065,-14.424,-999,2006,"yf"
-47.441,-13.898,-999,1991,"yf"
-47.227,-13.798,-999,2008,"yf"
-46.842,-13.841,-999,2002,"yf"
-46.688,-14.108,-999,2008,"yf"
-46.368,-14.117,-999,2005,"yf"
-44.456,-13.819,-999,2008,"yf"
-46.414,-12.754,-999,2004,"yf"
-46.952,-13.005,-999,2008,"yf"
-47.905,-12.684,-999,2008,"yf"
-47.15,-11.646,-999,1995,"yf"
-49.234,-12.137,-999,2008,"yf"
-48.464,-8.855,-999,2008,"yf"
-48.193,-8.917,-999,2007,"yf"
-47.24,-8.765,-999,2006,"yf"
-46.809,-8.04,-999,2006,"yf"
-47.442,-7.354,-999,2004,"yf"
-48.136,-7.19,-999,2008,"yf"
-48.074,-6.396,-999,2008,"yf"
-47.389,-6.358,-999,2006,"yf"
-48.129,-5.666,-999,2005,"yf"
-47.432,-5.562,-999,2005,"yf"
-47.006,-5.884,-999,2007,"yf"
-46.05,-5.896,-999,2006,"yf"
-45.196,-5.586,-999,1990,"yf"
-45.084,-4.647,-999,1981,"yf"
-44.557,-4.966,-999,2008,"yf"
-44.302,-6.388,-999,2003,"yf"
-43.988,-6.596,-999,2007,"yf"
-42.86,-6.298,-999,2006,"yf"
-36.115,-7.618,-999,2006,"yf"
-43.431,-2.525,-999,2006,"yf"
-44.111,-2.88,-999,2006,"yf"
-43.902,-2.875,-999,2008,"yf"
-44.436,-3.189,-999,2008,"yf"
-44.559,-1.954,-999,2005,"yf"
-44.738,-1.632,-999,2005,"yf"
-45.354,-1.426,-999,2008,"yf"
-52.34,-15.837,-999,2008,"yf"
-53.019,-14.475,-999,2004,"yf"
-52.474,-12.419,-999,2008,"yf"
-55.1,-14.868,-999,1995,"yf"
-54.65,-11.056,-999,1997,"yf"
-55.405,-12.916,-999,2008,"yf"
-56.677,-12.692,-999,2006,"yf"
-57.16,-13.015,-999,2005,"yf"
-56.527,-14.336,-999,2008,"yf"
-56.425,-14.653,-999,2006,"yf"
-57.586,-14.54,-999,2004,"yf"
-56.27,-15.487,-999,2006,"yf"
-56.81,-16.215,-999,1995,"yf"
-57.812,-15.948,-999,2003,"yf"
-58.659,-15.792,-999,2005,"yf"
-59.512,-15.094,-999,2005,"yf"
-59.923,-13.618,-999,1985,"yf"
-58.84,-11.33,-999,2008,"yf"
-57.466,-11.437,-999,2003,"yf"
-55.609,-11.778,-999,2008,"yf"
-56.025,-10.527,-999,2007,"yf"
-55.492,-10.206,-999,2000,"yf"
-55.064,-10.213,-999,2005,"yf"
-60.299,-12.678,-999,2008,"yf"
-61.669,-11.302,-999,2005,"yf"
-62.091,-11.101,-999,2008,"yf"
-62.09,-10.724,-999,2006,"yf"
-62.409,-10.557,-999,2008,"yf"
-63.197,-9.719,-999,2005,"yf"
-64.038,-8.608,-999,2005,"yf"
-65.854,-9.688,-999,1985,"yf"
-67.454,-10.205,-999,2008,"yf"
-67.605,-8.579,-999,2008,"yf"
-64.561,-6.409,-999,2008,"yf"
-70.184,-4.378,-999,1982,"yf"
-59.756,-4.306,-999,2006,"yf"
-63.261,-3.96,-999,2004,"yf"
-59.223,-3.787,-999,2008,"yf"
-60.499,-3.659,-999,2006,"yf"
-61.728,-3.655,-999,2008,"yf"
-57.734,-3.278,-999,2004,"yf"
-58.468,-3.057,-999,2008,"yf"
-58.259,-3.061,-999,2008,"yf"
-60.173,-3.064,-999,2008,"yf"
-60.496,-3.344,-999,2006,"yf"
-60.806,-3.141,-999,2008,"yf"
-64.851,-3.211,-999,2005,"yf"
-57.835,-2.468,-999,2005,"yf"
-59.852,-2.629,-999,2003,"yf"
-61.085,-2.516,-999,2003,"yf"
-56.82,-2.183,-999,2008,"yf"
-60.164,-1.897,-999,2006,"yf"
-65.789,-1.656,-999,2006,"yf"
-66.705,-1.668,-999,2005,"yf"
-65.148,-0.228,-999,2008,"yf"
-63.023,-0.874,-999,2005,"yf"
-59.816,0.931,-999,2005,"yf"
-61.152,1.885,-999,2006,"yf"
-61.15,2.302,-999,2005,"yf"
-60.931,2.517,-999,2004,"yf"
-60.625,2.667,-999,2006,"yf"
-60.766,2.928,-999,2006,"yf"
-61.358,3.044,-999,2008,"yf"
-59.918,3.445,-999,2005,"yf"
-61.232,4.454,-999,2008,"yf"
-60.222,4.698,-999,1998,"yf"
-50.648,-9.522,-999,2005,"yf"
-49.699,-8.805,-999,2003,"yf"
-49.258,-8.173,-999,2008,"yf"
-50.055,-8.007,-999,2002,"yf"
-49.732,-7.591,-999,2005,"yf"
-50.478,-7.373,-999,2008,"yf"
-49.94,-7.068,-999,2005,"yf"
-50.47,-6.748,-999,2005,"yf"
-51.164,-6.785,-999,2005,"yf"
-52.013,-6.672,-999,2005,"yf"
-49.934,-6.062,-999,2004,"yf"
-49.297,-5.13,-999,2005,"yf"
-49.078,-5.346,-999,2006,"yf"
-48.8,-5.351,-999,1991,"yf"
-49.703,-3.768,-999,2006,"yf"
-48.962,-2.947,-999,2005,"yf"
-48.109,-2.432,-999,1984,"yf"
-47.397,-1.855,-999,2007,"yf"
-47.504,-1.441,-999,2007,"yf"
-47.717,-1.696,-999,2005,"yf"
-48.03,-1.49,-999,2008,"yf"
-48.156,-1.169,-999,2005,"yf"
-46.654,-0.898,-999,2008,"yf"
-46.858,-0.871,-999,2005,"yf"
-47.522,-0.747,-999,2008,"yf"
-49.748,-2.099,-999,2008,"yf"
-50.487,-1.763,-999,2006,"yf"
-49.899,-0.995,-999,2008,"yf"
-52.198,-3.122,-999,2008,"yf"
-51.978,-2.59,-999,2005,"yf"
-52.189,-1.703,-999,2006,"yf"
-52.608,-1.442,-999,1993,"yf"
-53.465,-1.75,-999,2003,"yf"
-54.103,-1.956,-999,2007,"yf"
-54.803,-1.888,-999,2005,"yf"
-54.698,-2.367,-999,2008,"yf"
-56.089,-4.233,-999,2008,"yf"
-55.543,-1.88,-999,2008,"yf"
-55.85,-1.789,-999,2008,"yf"
-56.187,-2.084,-999,2003,"yf"
-50.376,1.996,-999,2000,"yf"
0.97572,8.53496,0,2006,"yf"
0.97572,8.53496,0,2013,"yf"
0.97572,8.53496,0,2007,"yf"
-11.79192,8.56028,0,2009,"yf"
-11.79192,8.56028,0,2011,"yf"
-69.97,-15.11,1,1995,"yf"
-16.17,14.76,1,1965,"yf"
-71.91,7.99,1,1961,"yf"
-76.68,-7.1,1,1999,"yf"
-47.79,-15.77,1,2000,"yf"
-72.19,-13.29,1,1998,"yf"
-75.88,-9.46,1,1995,"yf"
-76.84,-1.81,1,1997,"yf"
-74.97,-11.73,1,1995,"yf"
-75.43,-10.37,1,1995,"yf"
-73.99,-13.88,1,1979,"yf"
-15.107625,14.22738,1,1996,"yf"
-76.72173767,-7.032692805,1,2005,"yf"
3.63,8.12,1,1988,"yf"
7.46,10.23,1,1987,"yf"
-76.68,-7.1,1,1990,"yf"
-78.96,-4.47,1,1990,"yf"
-65.64,-17.24,1,1990,"yf"
-75.88,-9.46,1,1990,"yf"
-74.97,-11.73,1,1990,"yf"
-52.57,3.86,1,1990,"yf"
-77.71,-0.59,1,1990,"yf"
-78.96,-4.47,1,1991,"yf"
-77.96,-2.84,1,1991,"yf"
-65.64,-17.24,1,1991,"yf"
-76.84,-1.81,1,1991,"yf"
-77.71,-0.59,1,1991,"yf"
-65.64,-17.24,1,1992,"yf"
-76.84,-1.81,1,1992,"yf"
-77.71,-0.59,1,1992,"yf"
-76.6,0.0014,1,1992,"yf"
7.03,5.56,1,1995,"yf"
6.99,6.24,1,1995,"yf"
3.63,8.12,1,1995,"yf"
-9.79,6.92,1,1995,"yf"
-9.97,7.86,1,1995,"yf"
1.55,10.7,1,1996,"yf"
-65.64,-17.24,1,1997,"yf"
-72.99,3.21,1,1991,"yf"
-72.99,3.21,1,1997,"yf"
-73.53,6.91,1,1991,"yf"
-73.52,9.26,1,1991,"yf"
-71.47,5.24,1,1991,"yf"
-75.52,7.15,1,1997,"yf"
-71.82,1.75,1,1991,"yf"
-75.52,0.42,1,1991,"yf"
-72.84,8.07,1,1991,"yf"
-70.92,6.54,1,1991,"yf"
-76.95,6.33,1,1991,"yf"
-9.97,7.86,1,1997,"yf"
-74.97,-11.73,1,1999,"yf"
-72.99,3.21,1,1999,"yf"
-75.88,-9.46,1,1999,"yf"
-73.99,-13.88,1,1999,"yf"
-11.02,7.05,1,2000,"yf"
-76.84,-1.81,1,1999,"yf"
8.53,11.55,1,2000,"yf"
-7.79,4.74,1,2001,"yf"
-9.4,5.83,1,2001,"yf"
-16.17,14.76,1,2002,"yf"
-16.33,12.74,1,2002,"yf"
-15.49,15.35,1,2002,"yf"
-16.68,14.74,1,2002,"yf"
-14.73,13,1,2002,"yf"
-17.32,14.73,1,2002,"yf"
-78.6,-6.2,1,2003,"yf"
-78.01,-4.98,1,2003,"yf"
-80.29,-5.27,1,2003,"yf"
-72,10.12,1,2003,"yf"
-71.91,7.99,1,2003,"yf"
-76.68,-7.1,1,2003,"yf"
-72.99,3.21,1,2004,"yf"
-72.19,-13.29,1,2003,"yf"
-65.64,-17.24,1,2003,"yf"
-73.52,9.26,1,2003,"yf"
-71.47,5.24,1,2004,"yf"
-71.82,1.75,1,2004,"yf"
-72.84,8.07,1,2003,"yf"
-69.31,9,1,2003,"yf"
-70.55,-11.64,1,2003,"yf"
-69.97,-15.11,1,2003,"yf"
27.08,8.91,1,1998,"yf"
-71.91,7.99,1,2004,"yf"
-71.25,8.48,1,2004,"yf"
-63.17,10.38,1,2004,"yf"
-63.03,9.3,1,2004,"yf"
-72,10.12,1,2004,"yf"
-74.27,10.15,1,2004,"yf"
-73.52,9.26,1,2004,"yf"
-72.39,11.42,1,2004,"yf"
-72.84,8.07,1,2004,"yf"
-9.79,6.92,1,2004,"yf"
-8.73,6.74,1,2004,"yf"
-65.64,-17.24,1,2006,"yf"
-75.52,0.42,1,2005,"yf"
-1.88,5.94,1,2005,"yf"
-10.56,10.51,1,2005,"yf"
-13.82,11.25,1,2005,"yf"
-13.65,9.6,1,2005,"yf"
-73.99,-13.88,1,2006,"yf"
-13.09,13.7,1,2005,"yf"
-69.35,7.07,1,2004,"yf"
-69.31,9,1,2004,"yf"
-71.25,8.48,1,2005,"yf"
-69.35,7.07,1,2005,"yf"
-69.31,9,1,2005,"yf"
-7.43814,9.46624,1,2010,"yf"
-2.25,10.33333,1,2011,"yf"
23,13,1,2012,"yf"
-74,-14,1,2013,"yf"
10,4,1,2013,"yf"
15.40882,-16.28544,1,2016,"yf"
16.34105,-9.54165,1,2016,"yf"
14,-13,1,2016,"yf"
17.25,-12.5,1,2016,"yf"
13.51966,-6.58717,1,2016,"yf"
14.8887,-8.91136,1,2016,"yf"
12.40532,-4.93423,1,2016,"yf"
-55,-27,1,2009,"yf"
-75,-11.5,1,2016,"yf"
14.5,0,1,2012,"yf"
-1,9.5,1,2016,"yf"
15.03197,-10.82696,1,2016,"yf"
-65.66666,-17.5,1,2013,"yf"
34.1,11.15,1,2013,"yf"
-7.43814,9.46624,1,2009,"yf"
-8.75,6.75,1,2008,"yf"
-1.5,7.75,1,2012,"yf"
32.88333,3.66667,1,2010,"yf"
14,8.5,1,2012,"yf"
10.5,5.5,1,2010,"yf"
30.84425,-0.1964,1,2010,"yf"
-6.33333,8.5,1,2011,"yf"
23,13,1,2013,"yf"
-72.96615093,3.318783542,1,2009,"yf"
-74.51428358,8.712918398,1,2009,"yf"
18.6033,4.38866,1,2012,"yf"
17.99642,5.11625,1,2012,"yf"
17.61759,4.17564,1,2012,"yf"
16.13592,6.7286,1,2012,"yf"
20.74977,6.12586,1,2012,"yf"
22.92145,7.46719,1,2012,"yf"
-47.797672,-15.733493,1,NA,"yf"
33.348582,2.918737,1,2011,"yf"
33.659473,2.706554,1,2011,"yf"
33.168865,3.339465,1,2011,"yf"
32.808475,2.942103,1,2011,"yf"
32.537244,3.570159,1,2011,"yf"
0.873971099,9.59010656,1,2007,"yf"
0.460252437,10.58212601,1,2007,"yf"
-56.587174,-24.235316,1,2008,"yf"
-55.980467,-25.255936,1,2008,"yf"
-71.653394,5.306417,1,2006,"yf"
-72.886009,8.271729,1,2006,"yf"
-75.955382,0.685471,1,2006,"yf"
-75.127822,-11.525165,1,2006,"yf"
-78.236971,-4.763491,1,2006,"yf"
-71.985443,-12.980216,1,2006,"yf"
-70.593977,-12.02118,1,2006,"yf"
-75.248267,-10.363497,1,2006,"yf"
-69.952825,-15.974001,1,2006,"yf"
-75.823891,-6.620532,1,2006,"yf"
-47.757847,-15.758606,1,2008,"yf"
-65.66667,-17.5,1,2007,"yf"
-71.96723,-13.524175,1,2010,"yf"
-75.40449,-11.492868,1,2010,"yf"
-70.594065,-11.859951,1,2010,"yf"
-70.028092,-15.840248,1,2010,"yf"
-76.717475,-7.000658,1,2010,"yf"
33.659663,2.706822,1,2010,"yf"
33.347684,2.895417,1,2010,"yf"
32.878754,3.288464,1,2010,"yf"
17.097991,5.314854,1,2009,"yf"
17.642117,4.187186,1,2009,"yf"
-78.193087,-5.1794,1,2008,"yf"
-76.832796,-7.180958,1,2008,"yf"
-71.96822,-13.528474,1,2008,"yf"
-70.698408,-11.66097,1,2008,"yf"
-76.832796,-7.180958,1,2009,"yf"
-15.02295,13.644496,1,2012,"yf"
-77.78086293,-0.653702324,1,2012,"yf"
-74.08340516,-14.09186277,1,2011,"yf"
-74.88389403,-11.5370746,1,2011,"yf"
-70.53929456,-11.97151376,1,2011,"yf"
-76.72173767,-7.032692805,1,2011,"yf"
-78.04682761,-5.089660163,1,2012,"yf"
-74.08340516,-14.09186277,1,2012,"yf"
-72.16634566,-13.18609453,1,2012,"yf"
-70.53929456,-11.97151376,1,2012,"yf"
-76.72173767,-7.032692805,1,2012,"yf"
-69.93236411,-15.00617252,1,2012,"yf"
28.71803209,-0.608796892,1,2013,"yf"
-72.16634566,-13.18609453,1,2013,"yf"
-74.88389403,-11.5370746,1,2013,"yf"
-70.53929456,-11.97151376,1,2013,"yf"
-75.30764853,-10.39666853,1,2013,"yf"
-69.93236411,-15.00617252,1,2013,"yf"
-76.72173767,-7.032692805,1,2013,"yf"
-76.0397277,-9.42180612,1,2014,"yf"
-74.88389403,-11.5370746,1,2014,"yf"
-76.72173767,-7.032692805,1,2014,"yf"
-47.79679277,-15.78074135,1,2012,"yf"
-17.28333,14.76667,1,2003,"yf"
-16.232054,14.655417,1,2004,"yf"
36.03,0.94,2,1993,"yf"
-49.26,-8.25,2,1981,"yf"
-63.9,-8.75,2,1983,"yf"
-54.08,-1.99,2,1984,"yf"
-47.76,-1.67,2,1984,"yf"
-50.48,-1.68,2,1987,"yf"
-46.1,-15.9,2,1994,"yf"
-50.13,-15.92,2,2000,"yf"
-47.5,-14.27,2,2000,"yf"
-61.49,2.89,2,2002,"yf"
-14.801262,13.975911,2,1995,"yf"
23.973,12.968,2,2012,"yf"
-75.93257316,1.460152298,2,2007,"yf"
-72.27868425,5.218289187,2,2007,"yf"
-71.63701078,3.993821895,2,2007,"yf"
-71.91384456,2.354055029,2,2008,"yf"
-72.65970314,2.718136355,2,2008,"yf"
-49.380475,-23.187734,2,2009,"yf"
-45.554,-19.482,2,2006,"yf"
-45.265,-19.679,2,2008,"yf"
-43.057,-18.633,2,2008,"yf"
-14.75,13.53,2,1979,"yf"
5.68,12.37,2,1987,"yf"
35.56,0.52,2,1993,"yf"
-72.48,8.06,2,1991,"yf"
-4,5.42,2,2001,"yf"
-16.07,14.22,2,2002,"yf"
-71.77,8.9,2,2003,"yf"
-71.74,8.61,2,2004,"yf"
-3.45,9.07,2,2004,"yf"
-2.58,10.71,2,2004,"yf"
-9.17,9.34,2,2005,"yf"
-69.7,9.2,2,2004,"yf"
-11.66667,8,2,2008,"yf"
-8.75,10.5,2,2010,"yf"
-2.413,9.273,2,2011,"yf"
-74.167,-12.5,2,2012,"yf"
-69.33333,-13.83333,2,2013,"yf"
-47.45902,-14.18198,2,2015,"yf"
-70.75,-14.75,2,2013,"yf"
36.40148,5.46208,2,2013,"yf"
-75.31667,-11.05,2,2016,"yf"
-1.81667,9.08333,2,2016,"yf"
33.75,2.75,2,2010,"yf"
0.58333,9.7,2,2006,"yf"
0.58333,10.33333,2,2006,"yf"
-11.5,7.33333,2,2012,"yf"
-1.09389,10.895,2,2012,"yf"
-74.167,-12.5,2,2011,"yf"
34,3.583,2,2010,"yf"
-10.83333,10,2,2009,"yf"
-53.992752,-28.516302,2,2009,"yf"
-54.267403,-28.301315,2,2009,"yf"
-55.200666,-28.044427,2,2009,"yf"
-54.128449,-28.759164,2,2009,"yf"
-54.902687,-28.731482,2,2009,"yf"
-53.920504,-28.388728,2,2009,"yf"
-52.846563,-28.729267,2,2009,"yf"
-52.43487,-29.722854,2,2009,"yf"
-52.553203,-29.721405,2,2009,"yf"
-49.478117,-23.274046,2,2008,"yf"
-49.370322,-23.18211,2,2008,"yf"
-48.599068,-23.798955,2,2008,"yf"
-48.924273,-23.09956,2,2008,"yf"
-49.346982,-23.399915,2,2008,"yf"
-43.40593126,-18.53493224,2,2003,"yf"
-43.06353913,-18.6510768,2,2003,"yf"
-43.36812762,-18.77884415,2,2003,"yf"
-2.598892637,10.68790467,2,2005,"yf"
-2.060643753,6.622920697,2,2005,"yf"
-13.56480738,9.697537772,2,2005,"yf"
-8.796447928,7.952402697,2,2005,"yf"
-12.14030429,10.91317773,2,2005,"yf"
-13.36237761,10.91760771,2,2005,"yf"
-12.74607656,10.09588883,2,2005,"yf"
-13.19796506,12.37140442,2,2005,"yf"
-13.5325473,9.592400296,2,2005,"yf"
-10.73945527,9.99245369,2,2005,"yf"
-11.79309081,11.77503944,2,2005,"yf"
-14.35485523,11.08261788,2,2005,"yf"
-10.56650036,13.71114709,2,2005,"yf"
-12.92877096,13.99796555,2,2005,"yf"
-14.33404503,14.15121485,2,2005,"yf"
29.99377364,11.96696221,2,2005,"yf"
31.27770963,12.06760398,2,2005,"yf"
31.69169316,11.12532301,2,2005,"yf"
30.0514768,11.03192735,2,2005,"yf"
30.82989238,10.41473769,2,2005,"yf"
29.15744795,11.09724502,2,2005,"yf"
28.19029438,10.59672833,2,2005,"yf"
1.160303195,9.554903146,2,2007,"yf"
1.650479833,6.380280543,2,2007,"yf"
-4.016943,5.361625,2,2008,"yf"
-8.073288,12.747234,2,1987,"yf"
-9.488239,13.035684,2,1987,"yf"
-8.079544,11.003977,2,2006,"yf"
0.779858,9.263423,2,2006,"yf"
1.195442,6.978825,2,2006,"yf"
-16.85559,14.40569,2,2010,"yf"
-57.652739,-19.015768,2,2010,"yf"
-50.479524,-1.681106,2,2010,"yf"
16.37476,6.317148,2,2008,"yf"
17.464972,4.32149,2,2008,"yf"
18.5181,4.332503,2,2008,"yf"
21.99038,6.538853,2,2008,"yf"
14.696455,0.428691,2,2009,"yf"
-8.82216,7.748381,2,2008,"yf"
-10.131402,9.243643,2,2008,"yf"
-8.696537,10.622057,2,2009,"yf"
-8.79,6.45,2,2008,"yf"
-55.160682,-27.523952,2,2008,"yf"
-54.113073,-26.630667,2,2008,"yf"
-54.626855,-26.399919,2,2008,"yf"
-53.644963,-26.255518,2,2008,"yf"
-55.8745,-27.550373,2,2008,"yf"
-48.596664,-23.798248,2,2009,"yf"
-49.473986,-23.275181,2,2009,"yf"
-49.345952,-23.400014,2,2009,"yf"
-72.08323,4.312906,2,2008,"yf"
-73.786907,2.181611,2,2009,"yf"
-72.758353,2.62382,2,2009,"yf"
-56.454598,-24.665044,2,2008,"yf"
13.863992,9.648035,2,2011,"yf"
21.412911,12.226338,2,2012,"yf"
-1.297962967,10.60290006,2,2011,"yf"
-1.625471951,8.276386757,2,2011,"yf"
14.81231489,-0.747079297,2,2012,"yf"
-12.43328441,12.76371436,2,2011,"yf"
-11.8321621,12.97071062,2,2011,"yf"
-12.2766557,7.506532479,2,2011,"yf"
-50.17865866,-2.39138807,2,2011,"yf"
-48.73657259,-2.909989189,2,2011,"yf"
-65.65458348,-16.71383576,2,2011,"yf"
9.767869,3.97045,2,2013,"yf"
-47.78161869,-21.55195267,2,2008,"yf"
-47.894968,-22.005285,2,2008,"yf"
-52.470325,-24.886515,2,2008,"yf"
-48.6290057,-23.15275737,2,2008,"yf"
-75.62068619,1.742027195,2,2006,"yf"
-76.34227384,0.461552309,2,2006,"yf"
-71.96566085,5.645970882,2,2006,"yf"
-75.12452561,1.885494228,2,2007,"yf"
-48.8942174,-23.07392579,2,2009,"yf"
-49.01001635,-15.8071977,2,2008,"yf"
-48.70700749,-17.21331756,2,2008,"yf"
-53.896,-11.784,2,2009,"yf"
-48.629,-23.158,2,2009,"yf"
-4.304,7.669,-999,1982,"yf"
11.154385,2.92654,-999,2010,"yf"
-7.837895,9.997245,-999,2009,"yf"
-6.944346,9.610863,-999,2009,"yf"
-5.391332,7.776013,-999,2011,"yf"
-5.096669,8.140082,-999,2011,"yf"
-6.190195,8.059271,-999,2011,"yf"
-6.675096,7.959999,-999,2011,"yf"
-7.232,6.716,-999,2001,"yf"
-8.11,7.382,-999,2001,"yf"
11.223865,4.754318,-999,2003,"yf"
14.217,10.752,-999,2003,"yf"
11.624436,4.446709,-999,2003,"yf"
12.320523,5.534533,-999,2005,"yf"
12.908,3.639,-999,2006,"yf"
-5.629192,9.460291,-999,2006,"yf"
-4.758093,10.640837,-999,2005,"yf"
-2.921052,9.873655,-999,2005,"yf"
-3.46618,12.463166,-999,2005,"yf"
-3.242209,10.966228,-999,2005,"yf"
-3.172345,10.330961,-999,2005,"yf"
-1.77166,11.548686,-999,2005,"yf"
-2.996433,9.270635,-999,2005,"yf"
-8.797409,7.639699,-999,2008,"yf"
-8.818737,7.756072,-999,2008,"yf"
-10.748792,10.04563,-999,2008,"yf"
10.421304,5.375566,-999,2010,"yf"
10.63688,5.50851,-999,2010,"yf"
9.445474,4.632739,-999,2010,"yf"
9.413266,4.290908,-999,2010,"yf"
9.93134,4.963889,-999,2010,"yf"
-67.25019,-15.583728,-999,2010,"yf"
-2.415898,13.572053,-999,2008,"yf"
13.179993,3.97736,-999,2008,"yf"
12.923956,4.392903,-999,2008,"yf"
9.257655,4.154722,-999,2008,"yf"
-10.506571,9.526208,-999,2008,"yf"
-67.250319,-15.583976,-999,2008,"yf"
13.873093,9.310721,-999,2011,"yf"
13.942619,9.925449,-999,2011,"yf"
13.665104,9.057897,-999,2011,"yf"
13.61834,9.96859,-999,2011,"yf"
-65.423326,-16.972576,-999,2012,"yf"
-65.577648,-13.754534,-999,2012,"yf"
10.81017,4.392669,-999,2013,"yf"
25.746031,-5.383558,-999,2013,"yf"
36.547,5.852,-999,2013,"yf"
23.697596,3.816511,-999,2014,"yf"
-67.882012,-15.497844,-999,2014,"yf"
-5.83333,9,-999,2006,"yf"
-5.93473,6.31058,-999,2006,"yf"
-65.42345676,-13.74079848,-999,2023,"yf"
-57.81023109,-18.97219943,2,2023,"yf"
-50.38993927,-0.15665555,2,2023,"yf"
-49.93552076,-2.326917779,2,2023,"yf"
-48.23676107,-12.74851826,-999,2023,"yf"
-46.65577935,-23.55623873,1,2023,"yf"
-64.97354764,-4.829374494,1,2023,"yf"
-75.99238882,-11.15810767,2,2022,"yf"
-73.38038783,-9.737373183,1,2022,"yf"
-74.2222666,-13.16386948,2,2022,"yf"
-55,-10,2,2018,"yf"
7.5,5.41667,1,2019,"yf"
-4.02806,5.34111,2,2019,"yf"
-70,-9,2,2017,"yf"
-70,-9,2,2015,"yf"
-49.654968,-21.285351,2,2017,"yf"
-48.79998,-24.766319,2,2019,"yf"
-36,-9,2,2017,"yf"
-38.422695,-12.135238,2,2017,"yf"
-47.459019,-14.18198,2,2015,"yf"
-47.459019,-14.18198,2,2015,"yf"
-47.459019,-14.18198,2,2015,"yf"
-47.459019,-14.18198,2,2015,"yf"
-52,1,1,2015,"yf"
-52,1,1,2015,"yf"
-52,1,1,2015,"yf"
-52,1,1,2015,"yf"
-63,-5,2,2017,"yf"
-63,-5,2,2015,"yf"
-63,-5,2,2017,"yf"
-47.33139,-22.739166,2,2018,"yf"
-47.33139,-22.739166,2,2017,"yf"
-46.772663,-22.708059,2,2017,"yf"
-46.772663,-22.708059,2,2017,"yf"
7,6.333333,2,2018,"yf"
7,6.333333,2,2018,"yf"
7,6.333333,2,2019,"yf"
7,6.333333,2,2018,"yf"
7,6.333333,2,2019,"yf"
-48.413792,-23.494839,2,2017,"yf"
-44.318054,-23.006666,2,2018,"yf"
-44.318054,-23.006666,2,2018,"yf"
-44.318054,-23.006666,2,2018,"yf"
-44.318054,-23.006666,2,2018,"yf"
-44.318054,-23.006666,2,2018,"yf"
-44.318054,-23.006666,2,2018,"yf"
-44.318054,-23.006666,2,2018,"yf"
-46.793282,-23.43788,2,2017,"yf"
-48.716206,-25.432837,2,2019,"yf"
-48.716206,-25.432837,2,2019,"yf"
-48.720371,-25.28425,2,2019,"yf"
-51.102978,-20.088976,2,2017,"yf"
-51.102978,-20.088976,2,2017,"yf"
-51.459503,-23.447321,2,2015,"yf"
-51.459503,-23.447321,2,2015,"yf"
-48.201111,-21.827627,2,2017,"yf"
-48.201111,-21.827627,2,2017,"yf"
-46.940559,-19.59333,2,2017,"yf"
-46.55629,-23.116072,2,2017,"yf"
-46.55629,-23.116072,2,2018,"yf"
-74.030014,-13.935963,1,2017,"yf"
-49.442101,-20.93338,2,2016,"yf"
-49.442101,-20.93338,2,2016,"yf"
-49.442101,-20.93338,2,2016,"yf"
-49.442101,-20.93338,2,2016,"yf"
-42,-12,2,2017,"yf"
-42,-12,2,2017,"yf"
-42,-12,2,2017,"yf"
-42,-12,2,2017,"yf"
-42,-12,2,2017,"yf"
-42,-12,2,2017,"yf"
-42,-12,2,2017,"yf"
-42,-12,2,2017,"yf"
-42,-12,2,2017,"yf"
-42,-12,2,2017,"yf"
-42,-12,2,2017,"yf"
-42,-12,2,2017,"yf"
-42,-12,2,2017,"yf"
-42,-12,2,2017,"yf"
-42,-12,2,2018,"yf"
-42,-12,2,2017,"yf"
-42,-12,2,2017,"yf"
-42,-12,2,2017,"yf"
-42,-12,2,2017,"yf"
-42,-12,2,2017,"yf"
-42,-12,2,2017,"yf"
-42,-12,2,2017,"yf"
-42,-12,2,2018,"yf"
-42,-12,2,2017,"yf"
-42,-12,2,2017,"yf"
-42,-12,2,2017,"yf"
-42,-12,2,2017,"yf"
-42,-12,2,2017,"yf"
-8,12.65,2,2019,"yf"
-8,12.65,2,2019,"yf"
-8,12.65,2,2019,"yf"
-43.071701,-20.27861,2,2018,"yf"
-43.071701,-20.27861,2,2018,"yf"
14.33333,-5.33333,2,2016,"yf"
14.33333,-5.33333,2,2016,"yf"
14.33333,-5.33333,2,2016,"yf"
14.33333,-5.33333,2,2016,"yf"
14.33333,-5.33333,2,2016,"yf"
14.33333,-5.33333,2,2016,"yf"
14.33333,-5.33333,2,2016,"yf"
14.33333,-5.33333,2,2016,"yf"
14.33333,-5.33333,2,2016,"yf"
14.33333,-5.33333,2,2016,"yf"
14.33333,-5.33333,2,2016,"yf"
14.33333,-5.33333,2,2016,"yf"
14.33333,-5.33333,2,2016,"yf"
14.33333,-5.33333,2,2016,"yf"
14.33333,-5.33333,2,2016,"yf"
24.73333,2.8,2,2016,"yf"
24.73333,2.8,2,2016,"yf"
24.73333,2.8,2,2016,"yf"
24.73333,2.8,2,2016,"yf"
24.73333,2.8,2,2016,"yf"
24.73333,2.8,2,2016,"yf"
24.73333,2.8,2,2016,"yf"
24.73333,2.8,2,2016,"yf"
10,10.5,2,2019,"yf"
10,10.5,2,2019,"yf"
10,10.5,2,2019,"yf"
10,10.5,2,2019,"yf"
10,10.5,2,2019,"yf"
13.16072,-9.06875,2,2016,"yf"
-43.937778,-19.92083,2,2017,"yf"
-43.937778,-19.92083,2,2017,"yf"
-43.937778,-19.92083,2,2017,"yf"
-43.937778,-19.92083,2,2017,"yf"
-43.937778,-19.92083,2,2018,"yf"
-43.937778,-19.92083,2,2018,"yf"
-43.937778,-19.92083,2,2018,"yf"
-43.937778,-19.92083,2,2017,"yf"
13.58333,-8.58333,1,2016,"yf"
13.58333,-8.58333,1,2016,"yf"
13.58333,-8.58333,1,2016,"yf"
13.58333,-8.58333,1,2016,"yf"
13.58333,-8.58333,1,2016,"yf"
14,-13,1,2016,"yf"
14,-13,1,2016,"yf"
14,-13,1,2016,"yf"
14,-13,1,2016,"yf"
14,-13,1,2016,"yf"
14,-13,1,2016,"yf"
14,-13,1,2016,"yf"
14,-13,1,2016,"yf"
14,-13,1,2016,"yf"
14,-13,1,2016,"yf"
14,-13,1,2016,"yf"
14,-13,1,2016,"yf"
14,-13,1,2016,"yf"
5.633333,6.333334,2,2018,"yf"
5.633333,6.333334,2,2018,"yf"
8.75,7.333333,1,2019,"yf"
8.75,7.333333,1,2018,"yf"
8.75,7.333333,1,2019,"yf"
8.75,7.333333,1,2019,"yf"
8.75,7.333333,1,2018,"yf"
8.75,7.333333,1,2018,"yf"
-46.047604,-23.748697,2,2019,"yf"
-46.047604,-23.748697,2,2019,"yf"
-44.198334,-19.967777,2,2017,"yf"
17.25,-12.5,1,2016,"yf"
11.88972,-4.78139,2,2018,"yf"
15.77873,6.76546,2,2018,"yf"
13.62111,-4.43722,2,2016,"yf"
-63.5,6.33333,1,2019,"yf"
-63.5,6.33333,1,2019,"yf"
-63.5,6.33333,1,2019,"yf"
13.056,-5.849,2,2016,"yf"
13.056,-5.849,2,2016,"yf"
13.056,-5.849,2,2016,"yf"
13,11.5,2,2018,"yf"
13.82028,-4.18556,2,2016,"yf"
-46.555592,-22.94002,2,2018,"yf"
-46.555592,-22.94002,2,2017,"yf"
-47.929722,-15.77972,2,2015,"yf"
-47.929722,-15.77972,2,2015,"yf"
-47.929722,-15.77972,2,2015,"yf"
-47.929722,-15.77972,2,2015,"yf"
-47.929722,-15.77972,2,2015,"yf"
15.2662,-4.2767,2,2016,"yf"
15.2662,-4.2767,2,2016,"yf"
-54.966671,5.06667,2,2017,"yf"
-1.5,7.75,1,2016,"yf"
-55.1707,4.943366,2,2017,"yf"
-44.199718,-20.14333,2,2018,"yf"
-44.199718,-20.14333,2,2018,"yf"
-44.199718,-20.14333,2,2018,"yf"
20.837763,1.447232,2,2016,"yf"
33.051842,0.3012,2,2016,"yf"
33.051842,0.3012,2,2016,"yf"
33.051842,0.3012,2,2016,"yf"
31.60549,-0.143275,2,2016,"yf"
31.60549,-0.143275,2,2016,"yf"
31.60549,-0.143275,2,2016,"yf"
31.850201,-0.42398,2,2016,"yf"
12.40532,-4.93423,1,2016,"yf"
12.40532,-4.93423,1,2016,"yf"
12.40532,-4.93423,1,2016,"yf"
12.40532,-4.93423,1,2016,"yf"
12.40532,-4.93423,1,2016,"yf"
12.40532,-4.93423,1,2016,"yf"
-43.650604,-19.870169,2,2018,"yf"
14.3105,-16.28355,2,2016,"yf"
-78.833328,-6.25,2,2016,"yf"
-48.851749,-20.886221,2,2017,"yf"
-48.851749,-20.886221,2,2016,"yf"
-48.851749,-20.886221,2,2016,"yf"
-48.851749,-20.886221,2,2016,"yf"
14.683333,-13.783333,2,2016,"yf"
-47.060829,-22.90556,2,2017,"yf"
-47.060829,-22.90556,2,2017,"yf"
-47.060829,-22.90556,2,2017,"yf"
-47.060829,-22.90556,2,2019,"yf"
-47.060829,-22.90556,2,2017,"yf"
-46.758419,-23.21599,2,2017,"yf"
-41.324406,-21.754469,2,2017,"yf"
-52.809677,-29.71623,2,2017,"yf"
-52.809677,-29.71623,2,2017,"yf"
-41.240688,-15.304131,2,2017,"yf"
-67.550003,-15.816667,2,2017,"yf"
-42.139286,-19.790428,2,2017,"yf"
-42.139286,-19.790428,2,2017,"yf"
-42.139286,-19.790428,2,2017,"yf"
-42.139286,-19.790428,2,2017,"yf"
-42.139286,-19.790428,2,2017,"yf"
-42.139286,-19.790428,2,2017,"yf"
-44.885159,-20.56847,2,2018,"yf"
-42.144295,-22.482533,2,2017,"yf"
-42.144295,-22.482533,2,2017,"yf"
-42.144295,-22.482533,2,2017,"yf"
-42.144295,-22.482533,2,2017,"yf"
-48.972778,-21.137777,2,2016,"yf"
-48.972778,-21.137777,2,2017,"yf"
-48.972778,-21.137777,2,2017,"yf"
-48.972778,-21.137777,2,2016,"yf"
-49.04977,-21.065359,2,2017,"yf"
-49.254951,-20.907419,2,2016,"yf"
-48.116669,-15.81667,2,2015,"yf"
-76.825966,5.252803,2,2016,"yf"
-54.616669,-25.516666,2,2015,"yf"
23.5,-2.5,2,2016,"yf"
23.5,-2.5,2,2016,"yf"
23.5,-2.5,2,2016,"yf"
23.5,-2.5,2,2016,"yf"
23.5,-2.5,2,2016,"yf"
-44.053612,-19.931667,2,2017,"yf"
-75.666672,8.33333,2,2016,"yf"
-42.628887,-19.518612,2,2017,"yf"
-57.653332,-19.009171,2,2017,"yf"
19.3832,-15.94761,1,2016,"yf"
19.3832,-15.94761,1,2016,"yf"
19.3832,-15.94761,1,2016,"yf"
19.3832,-15.94761,1,2016,"yf"
14.8887,-8.91136,2,2016,"yf"
14.8887,-8.91136,2,2016,"yf"
14.8887,-8.91136,2,2016,"yf"
15.03197,-10.82696,1,2016,"yf"
15.03197,-10.82696,1,2016,"yf"
15.03197,-10.82696,1,2016,"yf"
15.03197,-10.82696,1,2016,"yf"
15.03197,-10.82696,1,2016,"yf"
15.03197,-10.82696,1,2016,"yf"
15.03197,-10.82696,1,2016,"yf"
15.03197,-10.82696,1,2016,"yf"
15.03197,-10.82696,1,2016,"yf"
15.03197,-10.82696,1,2016,"yf"
15.03197,-10.82696,1,2016,"yf"
-56.096668,-15.59611,2,2017,"yf"
-56.096668,-15.59611,2,2017,"yf"
-56.096668,-15.59611,2,2019,"yf"
15.408824,-16.285444,1,2016,"yf"
15.408824,-16.285444,1,2016,"yf"
15.408824,-16.285444,1,2016,"yf"
15.408824,-16.285444,1,2016,"yf"
15.408824,-16.285444,1,2016,"yf"
15.408824,-16.285444,1,2016,"yf"
15.408824,-16.285444,1,2016,"yf"
15.408824,-16.285444,1,2016,"yf"
15.408824,-16.285444,1,2016,"yf"
15.408824,-16.285444,1,2016,"yf"
15.408824,-16.285444,1,2016,"yf"
15.408824,-16.285444,1,2017,"yf"
-44.926369,-23.03857,2,2018,"yf"
-71.978058,-13.518333,2,2016,"yf"
39.269661,-6.822921,1,2016,"yf"
25,13,2,2015,"yf"
25,13,2,2015,"yf"
6,5.5,2,2019,"yf"
-65.666664,-17.5,2,2017,"yf"
-65.666664,-17.5,2,2017,"yf"
-75,-11.5,1,2016,"yf"
-75,-11.5,1,2016,"yf"
-75,-11.5,1,2016,"yf"
-75,-11.5,1,2016,"yf"
-75,-11.5,1,2017,"yf"
-75,-11.5,1,2016,"yf"
-75,-11.5,1,2016,"yf"
-68,-15.5,2,2017,"yf"
-73,3.5,2,2016,"yf"
-47.929722,-15.77972,2,2015,"yf"
-47.929722,-15.77972,2,2018,"yf"
-47.929722,-15.77972,2,2017,"yf"
-47.929722,-15.77972,2,2017,"yf"
-47.929722,-15.77972,2,2015,"yf"
-47.929722,-15.77972,2,2018,"yf"
23.5,-2.5,2,2018,"yf"
8.083333,6.25,1,2019,"yf"
8.083333,6.25,1,2019,"yf"
8.083333,6.25,1,2019,"yf"
8.083333,6.25,1,2019,"yf"
6,6.5,1,2018,"yf"
6,6.5,1,2018,"yf"
6,6.5,1,2018,"yf"
6,6.5,1,2018,"yf"
6,6.5,1,2018,"yf"
6,6.5,1,2019,"yf"
6,6.5,1,2019,"yf"
6,6.5,1,2018,"yf"
6,6.5,1,2018,"yf"
6,6.5,1,2019,"yf"
6,6.5,1,2019,"yf"
6,6.5,1,2019,"yf"
6,6.5,1,2018,"yf"
6,6.5,1,2019,"yf"
6,6.5,1,2018,"yf"
6,6.5,1,2019,"yf"
6,6.5,1,2019,"yf"
6,6.5,1,2018,"yf"
6,6.5,1,2018,"yf"
5.25,7.666667,2,2019,"yf"
5.25,7.666667,2,2019,"yf"
5.25,7.666667,2,2018,"yf"
5.25,7.666667,2,2018,"yf"
5.25,7.666667,2,2018,"yf"
-48.256008,-24.50057,2,2019,"yf"
-48.256008,-24.50057,2,2019,"yf"
-48.256008,-24.50057,2,2019,"yf"
-48.256008,-24.50057,2,2019,"yf"
-48.256008,-24.50057,2,2019,"yf"
32.446941,0.06444,2,2016,"yf"
-40.75,-20,2,2017,"yf"
-40.75,-20,2,2017,"yf"
-40.75,-20,2,2018,"yf"
-40.75,-20,2,2017,"yf"
-40.75,-20,2,2017,"yf"
-40.75,-20,2,2017,"yf"
-40.75,-20,2,2017,"yf"
-40.75,-20,2,2017,"yf"
-40.75,-20,2,2017,"yf"
-40.75,-20,2,2017,"yf"
-40.75,-20,2,2017,"yf"
-40.75,-20,2,2017,"yf"
-40.75,-20,2,2017,"yf"
-40.75,-20,2,2017,"yf"
-40.75,-20,2,2017,"yf"
-40.75,-20,2,2017,"yf"
-40.75,-20,2,2017,"yf"
-40.75,-20,2,2017,"yf"
-40.75,-20,2,2018,"yf"
-40.75,-20,2,2017,"yf"
-40.75,-20,2,2017,"yf"
-40.75,-20,2,2017,"yf"
-40.75,-20,2,2017,"yf"
-40.75,-20,2,2018,"yf"
-40.75,-20,2,2017,"yf"
-40.75,-20,2,2017,"yf"
-40.75,-20,2,2017,"yf"
-40.75,-20,2,2017,"yf"
-40.75,-20,2,2017,"yf"
-40.75,-20,2,2017,"yf"
-40.75,-20,2,2017,"yf"
-40.75,-20,2,2017,"yf"
-40.75,-20,2,2017,"yf"
-40.75,-20,2,2017,"yf"
-40.75,-20,2,2017,"yf"
-40.75,-20,2,2017,"yf"
-40.75,-20,2,2017,"yf"
-40.75,-20,2,2017,"yf"
-40.75,-20,2,2017,"yf"
-40.75,-20,2,2017,"yf"
-40.75,-20,2,2017,"yf"
-40.75,-20,2,2017,"yf"
-40.75,-20,2,2017,"yf"
-40.75,-20,2,2017,"yf"
-40.75,-20,2,2017,"yf"
-40.75,-20,2,2017,"yf"
-40.75,-20,2,2017,"yf"
-40.75,-20,2,2017,"yf"
-40.75,-20,2,2018,"yf"
-40.75,-20,2,2017,"yf"
-40.75,-20,2,2017,"yf"
-40.75,-20,2,2017,"yf"
-40.75,-20,2,2017,"yf"
-40.75,-20,2,2017,"yf"
-40.75,-20,2,2017,"yf"
-40.75,-20,2,2017,"yf"
-40.75,-20,2,2017,"yf"
-40.75,-20,2,2017,"yf"
-40.75,-20,2,2017,"yf"
-40.75,-20,2,2017,"yf"
-40.75,-20,2,2017,"yf"
-40.75,-20,2,2017,"yf"
-40.75,-20,2,2017,"yf"
-40.75,-20,2,2017,"yf"
-40.75,-20,2,2017,"yf"
-40.75,-20,2,2017,"yf"
-49,-22,2,2018,"yf"
-49,-22,2,2018,"yf"
-49,-22,2,2017,"yf"
-49,-22,2,2017,"yf"
-49,-22,2,2018,"yf"
-49,-22,2,2018,"yf"
-49,-22,2,2018,"yf"
-49,-22,2,2016,"yf"
-49,-22,2,2017,"yf"
-49,-22,2,2018,"yf"
-49,-22,2,2017,"yf"
-49,-22,2,2017,"yf"
-49,-22,2,2018,"yf"
-49,-22,2,2017,"yf"
-49,-22,2,2017,"yf"
-49,-22,2,2018,"yf"
-49,-22,2,2018,"yf"
-49,-22,2,2016,"yf"
-49,-22,2,2017,"yf"
-49,-22,2,2017,"yf"
-49,-22,2,2017,"yf"
-49,-22,2,2017,"yf"
-49,-22,2,2017,"yf"
-49,-22,2,2018,"yf"
-49,-22,2,2018,"yf"
-49,-22,2,2017,"yf"
-49,-22,2,2017,"yf"
-49,-22,2,2017,"yf"
-49,-22,2,2018,"yf"
-49,-22,2,2018,"yf"
-49,-22,2,2018,"yf"
-49,-22,2,2017,"yf"
-49,-22,2,2018,"yf"
-49,-22,2,2018,"yf"
-49,-22,2,2018,"yf"
-49,-22,2,2018,"yf"
-49,-22,2,2017,"yf"
-49,-22,2,2017,"yf"
-49,-22,2,2018,"yf"
-49,-22,2,2017,"yf"
-49,-22,2,2017,"yf"
-49,-22,2,2016,"yf"
-49,-22,2,2017,"yf"
-49,-22,2,2016,"yf"
-49,-22,2,2018,"yf"
-49,-22,2,2018,"yf"
-49,-22,2,2018,"yf"
-49,-22,2,2017,"yf"
-49,-22,2,2018,"yf"
-46.283508,-22.8265,2,2017,"yf"
7.167,8.833,1,2018,"yf"
7.167,8.833,1,2019,"yf"
7.167,8.833,1,2018,"yf"
7.167,8.833,1,2019,"yf"
7.167,8.833,1,2019,"yf"
7.167,8.833,1,2018,"yf"
-47.75,-15.75,2,2018,"yf"
-47.75,-15.75,2,2017,"yf"
-38.966671,-12.26667,2,2017,"yf"
-38.966671,-12.26667,2,2017,"yf"
-50.291962,-20.297569,2,2016,"yf"
-50.291962,-20.297569,2,2017,"yf"
-55.031425,5.911948,2,2017,"yf"
-41.49292,-18.14006,2,2017,"yf"
-41.49292,-18.14006,2,2017,"yf"
-41.49292,-18.14006,2,2017,"yf"
-41.49292,-18.14006,2,2017,"yf"
-41.49292,-18.14006,2,2017,"yf"
28.397436,4.573615,2,2018,"yf"
-35.001751,-7.56876,2,2016,"yf"
-49.253891,-16.67861,2,2016,"yf"
-49.253891,-16.67861,2,2018,"yf"
-49.253891,-16.67861,2,2015,"yf"
-48,-12,2,2015,"yf"
-48,-12,2,2017,"yf"
-48,-12,2,2015,"yf"
-48,-12,2,2017,"yf"
-48,-12,2,2018,"yf"
-48,-12,2,2016,"yf"
-48,-12,2,2015,"yf"
-48,-12,2,2016,"yf"
-48,-12,2,2017,"yf"
-48,-12,2,2015,"yf"
-48,-12,2,2016,"yf"
-48,-12,2,2016,"yf"
11.166667,10.25,1,2019,"yf"
-45.854454,-22.659317,2,2017,"yf"
-41.94944,-18.85111,2,2017,"yf"
-8.221298,4.761386,1,2018,"yf"
-40.344269,-20.291088,2,2017,"yf"
-40.344269,-20.291088,2,2017,"yf"
-45.335136,-18.393892,2,2018,"yf"
-69,2.5,1,2016,"yf"
-46.822289,-21.2882,2,2017,"yf"
-46.227829,-23.957529,2,2018,"yf"
-46.227829,-23.957529,2,2018,"yf"
-46.533329,-23.46278,2,2017,"yf"
-47.836109,-22.839439,2,2017,"yf"
15.666667,-12.5,1,2016,"yf"
15.666667,-12.5,1,2016,"yf"
15.666667,-12.5,1,2016,"yf"
15.666667,-12.5,1,2016,"yf"
15.666667,-12.5,1,2016,"yf"
15.666667,-12.5,1,2016,"yf"
15.666667,-12.5,1,2016,"yf"
15.666667,-12.5,1,2016,"yf"
15.666667,-12.5,1,2016,"yf"
15.666667,-12.5,1,2016,"yf"
15.666667,-12.5,1,2016,"yf"
15.666667,-12.5,1,2016,"yf"
15.666667,-12.5,1,2016,"yf"
15.666667,-12.5,1,2016,"yf"
15.666667,-12.5,1,2016,"yf"
15.666667,-12.5,1,2016,"yf"
15.666667,-12.5,1,2016,"yf"
15.666667,-12.5,1,2016,"yf"
15.666667,-12.5,1,2016,"yf"
15.666667,-12.5,1,2016,"yf"
15.666667,-12.5,1,2016,"yf"
15.666667,-12.5,1,2016,"yf"
15.666667,-12.5,1,2016,"yf"
15.666667,-12.5,1,2016,"yf"
15.666667,-12.5,1,2016,"yf"
15.666667,-12.5,1,2016,"yf"
15.666667,-12.5,1,2016,"yf"
15.666667,-12.5,1,2016,"yf"
15.666667,-12.5,1,2016,"yf"
15.666667,-12.5,1,2016,"yf"
15.666667,-12.5,1,2016,"yf"
15.00014,-14.69531,1,2016,"yf"
15.00014,-14.69531,1,2016,"yf"
15.00014,-14.69531,1,2016,"yf"
15.00014,-14.69531,1,2016,"yf"
15.00014,-14.69531,1,2016,"yf"
15.00014,-14.69531,1,2016,"yf"
15.00014,-14.69531,1,2016,"yf"
15.00014,-14.69531,1,2016,"yf"
15.00014,-14.69531,1,2016,"yf"
15.00014,-14.69531,1,2016,"yf"
15.00014,-14.69531,1,2016,"yf"
15.00014,-14.69531,1,2016,"yf"
15.00014,-14.69531,1,2016,"yf"
15.00014,-14.69531,1,2016,"yf"
15.00014,-14.69531,1,2016,"yf"
15.00014,-14.69531,1,2016,"yf"
15.00014,-14.69531,1,2016,"yf"
15.00014,-14.69531,1,2016,"yf"
15.00014,-14.69531,1,2016,"yf"
15.00014,-14.69531,1,2016,"yf"
15.00014,-14.69531,1,2016,"yf"
15.00014,-14.69531,1,2016,"yf"
15.00014,-14.69531,1,2016,"yf"
15.00014,-14.69531,1,2016,"yf"
15.00014,-14.69531,1,2016,"yf"
15.00014,-14.69531,1,2016,"yf"
15.00014,-14.69531,1,2016,"yf"
15.00014,-14.69531,1,2016,"yf"
15.00014,-14.69531,1,2016,"yf"
15.00014,-14.69531,1,2016,"yf"
15.00014,-14.69531,1,2016,"yf"
15.00014,-14.69531,1,2017,"yf"
15.00014,-14.69531,1,2016,"yf"
-41.554562,-20.27457,2,2017,"yf"
-41.554562,-20.27457,2,2017,"yf"
-41.554562,-20.27457,2,2017,"yf"
-41.554562,-20.27457,2,2017,"yf"
-49.240311,-21.080627,2,2017,"yf"
-49.240311,-21.080627,2,2016,"yf"
-49.240311,-21.080627,2,2016,"yf"
-49.240311,-21.080627,2,2016,"yf"
5.01072,8.55971,2,2017,"yf"
-49.616669,-3.25,2,2018,"yf"
-41.768009,-19.75724,2,2017,"yf"
-41.768009,-19.75724,2,2017,"yf"
-41.768009,-19.75724,2,2017,"yf"
-41.768009,-19.75724,2,2017,"yf"
-41.768009,-19.75724,2,2017,"yf"
-43.284958,-19.575697,2,2018,"yf"
-56.231758,-5.860176,2,2017,"yf"
-48.661942,-26.90778,2,2018,"yf"
-42.894089,-17.85429,2,2017,"yf"
-46.845619,-24.058867,2,2018,"yf"
-46.838745,-23.006836,2,2017,"yf"
-46.838745,-23.006836,2,2017,"yf"
-46.838745,-23.006836,2,2017,"yf"
-46.838745,-23.006836,2,2017,"yf"
-46.838745,-23.006836,2,2017,"yf"
-46.838745,-23.006836,2,2017,"yf"
-46.838745,-23.006836,2,2017,"yf"
8.29468,6.48453,2,2019,"yf"
-48.293053,-21.202196,2,2016,"yf"
-48.293053,-21.202196,2,2016,"yf"
-48.293053,-21.202196,2,2016,"yf"
-48.293053,-21.202196,2,2016,"yf"
-45.965832,-23.305279,2,2018,"yf"
-50.558102,-20.288839,2,2016,"yf"
-49.005039,-21.135626,2,2016,"yf"
-46.725399,-23.09771,2,2018,"yf"
-48.845554,-26.304443,2,2019,"yf"
-43.350277,-21.764168,2,2017,"yf"
-46.884453,-23.186453,2,2017,"yf"
-46.884171,-23.18639,2,2017,"yf"
-46.884171,-23.18639,2,2017,"yf"
-46.884171,-23.18639,2,2017,"yf"
-46.884171,-23.18639,2,2017,"yf"
-46.884171,-23.18639,2,2017,"yf"
-46.884171,-23.18639,2,2017,"yf"
-46.884171,-23.18639,2,2017,"yf"
-46.884171,-23.18639,2,2017,"yf"
-46.884171,-23.18639,2,2017,"yf"
-46.884171,-23.18639,2,2017,"yf"
-46.884171,-23.18639,2,2017,"yf"
-75.341217,-11.335798,2,2016,"yf"
-75.341217,-11.335798,2,2016,"yf"
-75.341217,-11.335798,2,2016,"yf"
-75.341217,-11.335798,2,2016,"yf"
-75.341217,-11.335798,2,2016,"yf"
-75.341217,-11.335798,2,2016,"yf"
-75,-11.5,1,2016,"yf"
32.333332,-0.416667,1,2016,"yf"
32.333332,-0.416667,1,2016,"yf"
32.333332,-0.416667,1,2016,"yf"
31.89476,-0.13776,2,2016,"yf"
31.89476,-0.13776,2,2016,"yf"
31.89476,-0.13776,2,2016,"yf"
31.89476,-0.13776,2,2016,"yf"
31.89476,-0.13776,2,2016,"yf"
32.565556,0.315556,2,2016,"yf"
8.5,11.5,2,2019,"yf"
8.5,11.5,2,2018,"yf"
8.5,11.5,2,2018,"yf"
8.5,11.5,2,2019,"yf"
8.5,11.5,2,2019,"yf"
8.5,11.5,2,2019,"yf"
8.5,11.5,2,2018,"yf"
7.5,12.25,2,2019,"yf"
7.5,12.25,2,2018,"yf"
7.5,12.25,2,2019,"yf"
7.5,12.25,2,2018,"yf"
7.5,12.25,2,2019,"yf"
7.5,12.25,2,2018,"yf"
4,11.5,2,2019,"yf"
4,11.5,2,2018,"yf"
4,11.5,2,2018,"yf"
4,11.5,2,2019,"yf"
4,11.5,2,2018,"yf"
4,11.5,2,2019,"yf"
4,11.5,2,2019,"yf"
13.275,-8.84861,2,2016,"yf"
15.00915,-5.85939,2,2016,"yf"
14.43159,-5.5615,2,2016,"yf"
14.43159,-5.5615,2,2016,"yf"
14.43159,-5.5615,2,2016,"yf"
14.43159,-5.5615,2,2016,"yf"
15.95728,-5.71434,2,2016,"yf"
15.969988,-4.387061,1,2016,"yf"
15.969988,-4.387061,1,2016,"yf"
15.969988,-4.387061,1,2016,"yf"
15.969988,-4.387061,1,2016,"yf"
15.969988,-4.387061,1,2016,"yf"
15.969988,-4.387061,1,2016,"yf"
15.969988,-4.387061,1,2016,"yf"
15.969988,-4.387061,1,2016,"yf"
15.969988,-4.387061,1,2016,"yf"
15.969988,-4.387061,1,2016,"yf"
15.969988,-4.387061,1,2016,"yf"
15.969988,-4.387061,1,2016,"yf"
15.969988,-4.387061,1,2016,"yf"
15.969988,-4.387061,1,2016,"yf"
15.969988,-4.387061,1,2016,"yf"
15.969988,-4.387061,1,2016,"yf"
15.31357,-4.32758,1,2016,"yf"
15.31357,-4.32758,1,2016,"yf"
15.32146,-4.32459,1,2016,"yf"
15.32146,-4.32459,1,2016,"yf"
15.32146,-4.32459,1,2016,"yf"
15.32146,-4.32459,1,2016,"yf"
15.32146,-4.32459,1,2016,"yf"
15.35,-4.41667,2,2016,"yf"
12.46667,-5.96667,2,2016,"yf"
12.46667,-5.96667,2,2016,"yf"
6.75,7.75,1,2018,"yf"
6.75,7.75,1,2018,"yf"
6.75,7.75,1,2018,"yf"
6.75,7.75,1,2019,"yf"
19.933331,-0.35,2,2016,"yf"
19.933331,-0.35,2,2016,"yf"
19.933331,-0.35,2,2016,"yf"
19.933331,-0.35,2,2016,"yf"
27,-5.38333,2,2016,"yf"
27,-5.38333,2,2016,"yf"
17.44869,-6.47051,2,2016,"yf"
17.44869,-6.47051,2,2016,"yf"
17.44869,-6.47051,2,2016,"yf"
17.44869,-6.47051,2,2016,"yf"
17.44869,-6.47051,2,2016,"yf"
17.44869,-6.47051,2,2016,"yf"
17.44869,-6.47051,2,2016,"yf"
17.44869,-6.47051,2,2016,"yf"
17.44869,-6.47051,2,2016,"yf"
17.44869,-6.47051,2,2016,"yf"
17.44869,-6.47051,2,2016,"yf"
17.44869,-6.47051,2,2016,"yf"
17.44869,-6.47051,2,2016,"yf"
17.44869,-6.47051,2,2016,"yf"
14.5,-8.833333,1,2016,"yf"
14.5,-8.833333,1,2016,"yf"
15.406808,-10.595191,1,2016,"yf"
15.406808,-10.595191,1,2016,"yf"
15.406808,-10.595191,1,2016,"yf"
15.406808,-10.595191,1,2016,"yf"
15.406808,-10.595191,1,2016,"yf"
15.406808,-10.595191,1,2016,"yf"
15.406808,-10.595191,1,2016,"yf"
15.406808,-10.595191,1,2016,"yf"
15.406808,-10.595191,1,2016,"yf"
5,8.5,2,2017,"yf"
5,8.5,2,2018,"yf"
5,8.5,2,2017,"yf"
5,8.5,2,2019,"yf"
5,8.5,2,2019,"yf"
5,8.5,2,2018,"yf"
5,8.5,2,2017,"yf"
5,8.5,2,2018,"yf"
5,8.5,2,2017,"yf"
5,8.5,2,2017,"yf"
5,8.5,2,2019,"yf"
5,8.5,2,2019,"yf"
5,8.5,2,2017,"yf"
-68.150002,-16.5,2,2017,"yf"
-41.832619,-17.64365,2,2017,"yf"
-41.832619,-17.64365,2,2017,"yf"
-41.832619,-17.64365,2,2017,"yf"
-41.832619,-17.64365,2,2017,"yf"
-41.832619,-17.64365,2,2017,"yf"
-47.832851,-15.721258,2,2015,"yf"
-47.982056,-15.580436,2,2015,"yf"
3.75,6.583333,2,2019,"yf"
3.75,6.583333,2,2019,"yf"
-9.9099,14.5095,2,2015,"yf"
-9.9099,14.5095,2,2015,"yf"
14.122,13.329,2,2015,"yf"
-77.050003,-12.05,2,2016,"yf"
-46.933079,-23.08252,2,2017,"yf"
25.466669,-10.71667,2,2016,"yf"
25.466669,-10.71667,2,2016,"yf"
25.466669,-10.71667,2,2016,"yf"
22.042049,-7.30594,2,2016,"yf"
13.23118,-8.85838,1,2016,"yf"
13.23118,-8.85838,1,2016,"yf"
13.23118,-8.85838,1,2016,"yf"
13.23118,-8.85838,1,2016,"yf"
13.23118,-8.85838,1,2016,"yf"
13.23118,-8.85838,1,2016,"yf"
13.23118,-8.85838,1,2016,"yf"
13.23118,-8.85838,1,2016,"yf"
13.23118,-8.85838,1,2016,"yf"
13.23118,-8.85838,1,2016,"yf"
13.23118,-8.85838,1,2016,"yf"
13.23118,-8.85838,1,2016,"yf"
13.23118,-8.85838,1,2016,"yf"
13.23118,-8.85838,1,2016,"yf"
13.23118,-8.85838,1,2016,"yf"
13.23118,-8.85838,1,2016,"yf"
13.23118,-8.85838,1,2016,"yf"
13.23118,-8.85838,1,2016,"yf"
13.23118,-8.85838,1,2016,"yf"
13.23118,-8.85838,1,2016,"yf"
13.23118,-8.85838,1,2016,"yf"
13.23118,-8.85838,1,2016,"yf"
13.23118,-8.85838,1,2016,"yf"
13.23118,-8.85838,1,2016,"yf"
13.23118,-8.85838,1,2016,"yf"
13.23118,-8.85838,1,2016,"yf"
13.23118,-8.85838,1,2016,"yf"
13.23118,-8.85838,1,2016,"yf"
13.23118,-8.85838,1,2016,"yf"
13.23118,-8.85838,1,2016,"yf"
13.23118,-8.85838,1,2016,"yf"
13.23118,-8.85838,1,2016,"yf"
13.23118,-8.85838,1,2016,"yf"
13.23118,-8.85838,1,2016,"yf"
13.23118,-8.85838,1,2016,"yf"
13.23118,-8.85838,1,2016,"yf"
13.23118,-8.85838,1,2016,"yf"
13.23118,-8.85838,1,2016,"yf"
13.23118,-8.85838,1,2016,"yf"
13.23118,-8.85838,1,2016,"yf"
13.23118,-8.85838,1,2016,"yf"
13.23118,-8.85838,1,2016,"yf"
13.23118,-8.85838,1,2016,"yf"
13.23118,-8.85838,1,2016,"yf"
13.23118,-8.85838,1,2016,"yf"
13.23118,-8.85838,1,2016,"yf"
13.23118,-8.85838,1,2016,"yf"
13.23118,-8.85838,1,2016,"yf"
13.23118,-8.85838,1,2016,"yf"
13.23118,-8.85838,1,2016,"yf"
13.23118,-8.85838,1,2016,"yf"
13.23118,-8.85838,1,2016,"yf"
13.234444,-8.838333,2,2016,"yf"
13.234444,-8.838333,2,2016,"yf"
19.64852,-8.63543,1,2016,"yf"
19.64852,-8.63543,1,2016,"yf"
19.64852,-8.63543,1,2016,"yf"
19.64852,-8.63543,1,2016,"yf"
19.64852,-8.63543,1,2016,"yf"
19.64852,-8.63543,1,2016,"yf"
19.64852,-8.63543,1,2016,"yf"
19.64852,-8.63543,1,2016,"yf"
19.64852,-8.63543,1,2016,"yf"
19.64852,-8.63543,1,2016,"yf"
19.64852,-8.63543,1,2016,"yf"
28.283333,-15.416667,2,2018,"yf"
31.19294,-0.24059,2,2016,"yf"
31.19294,-0.24059,2,2016,"yf"
31.19294,-0.24059,2,2016,"yf"
31.19294,-0.24059,2,2016,"yf"
31.19294,-0.24059,2,2016,"yf"
-35.735279,-9.66583,2,2017,"yf"
13.23333,-8.83333,2,2016,"yf"
-46.590279,-23.319506,2,2018,"yf"
-46.590279,-23.319506,2,2018,"yf"
-46.590279,-23.319506,2,2018,"yf"
-46.58667,-23.318609,2,2018,"yf"
-42.088951,-17.837999,2,2017,"yf"
-42.088951,-17.837999,2,2017,"yf"
-42.088951,-17.837999,2,2017,"yf"
-42.088951,-17.837999,2,2017,"yf"
-42.088951,-17.837999,2,2017,"yf"
16.341049,-9.541654,1,2016,"yf"
16.341049,-9.541654,1,2016,"yf"
16.341049,-9.541654,1,2016,"yf"
16.341049,-9.541654,1,2016,"yf"
16.341049,-9.541654,1,2016,"yf"
-45,-5,2,2015,"yf"
-49.14859,-21.25761,2,2017,"yf"
-43.416111,-20.377781,2,2018,"yf"
-42.818611,-22.919439,2,2017,"yf"
-42.818611,-22.919439,2,2017,"yf"
-42.818611,-22.919439,2,2017,"yf"
-49.945831,-22.21389,2,2017,"yf"
31.75,-0.5,2,2016,"yf"
31.75,-0.5,2,2016,"yf"
31.75,-0.5,2,2016,"yf"
31.75,-0.5,2,2016,"yf"
31.75,-0.5,2,2016,"yf"
31.75,-0.5,2,2016,"yf"
31.75,-0.5,2,2016,"yf"
31.75,-0.5,2,2016,"yf"
31.75,-0.5,2,2016,"yf"
31.75,-0.5,2,2016,"yf"
31.75,-0.5,2,2016,"yf"
31.75,-0.5,2,2016,"yf"
31.75,-0.5,2,2016,"yf"
31.75,-0.5,2,2016,"yf"
31.75,-0.5,2,2016,"yf"
31.75,-0.5,2,2016,"yf"
31.733999,-0.334,2,2016,"yf"
14.07472,-3.06167,2,2016,"yf"
13.4708,-5.817362,2,2016,"yf"
13.4708,-5.817362,2,2016,"yf"
13.4708,-5.817362,2,2016,"yf"
13.4708,-5.817362,2,2016,"yf"
13.4708,-5.817362,2,2016,"yf"
13.4708,-5.817362,2,2016,"yf"
13.4708,-5.817362,2,2016,"yf"
13.4708,-5.817362,2,2016,"yf"
7.6178,12.25899,2,2019,"yf"
-55,-21,2,2017,"yf"
-55,-21,2,2017,"yf"
-55,-21,2,2015,"yf"
-55,-21,2,2017,"yf"
-56,-13,1,2018,"yf"
-56,-13,1,2017,"yf"
-56,-13,1,2015,"yf"
-56,-13,1,2017,"yf"
-56,-13,1,2018,"yf"
-56,-13,1,2017,"yf"
-56,-13,1,2017,"yf"
-73,3.5,2,2016,"yf"
-73,3.5,2,2016,"yf"
-43.48069,-22.457737,2,2018,"yf"
-44,-18,2,2017,"yf"
-44,-18,2,2017,"yf"
-44,-18,2,2017,"yf"
-44,-18,2,2017,"yf"
-44,-18,2,2017,"yf"
-44,-18,2,2018,"yf"
-44,-18,2,2018,"yf"
-44,-18,2,2017,"yf"
-44,-18,2,2018,"yf"
-44,-18,2,2017,"yf"
-44,-18,2,2017,"yf"
-44,-18,2,2017,"yf"
-44,-18,2,2017,"yf"
-44,-18,2,2017,"yf"
-44,-18,2,2018,"yf"
-44,-18,2,2017,"yf"
-44,-18,2,2017,"yf"
-44,-18,2,2018,"yf"
-44,-18,2,2017,"yf"
-44,-18,2,2017,"yf"
-44,-18,2,2017,"yf"
-44,-18,2,2017,"yf"
-44,-18,2,2018,"yf"
-44,-18,2,2017,"yf"
-44,-18,2,2017,"yf"
-44,-18,2,2018,"yf"
-44,-18,2,2017,"yf"
-44,-18,2,2017,"yf"
-44,-18,2,2017,"yf"
-44,-18,2,2017,"yf"
-44,-18,2,2017,"yf"
-44,-18,2,2018,"yf"
-44,-18,2,2017,"yf"
-44,-18,2,2017,"yf"
-44,-18,2,2017,"yf"
-44,-18,2,2017,"yf"
-44,-18,2,2017,"yf"
-44,-18,2,2017,"yf"
-44,-18,2,2017,"yf"
-44,-18,2,2017,"yf"
-44,-18,2,2017,"yf"
-44,-18,2,2018,"yf"
-44,-18,2,2017,"yf"
-44,-18,2,2018,"yf"
-44,-18,2,2017,"yf"
-44,-18,2,2017,"yf"
-44,-18,2,2017,"yf"
-44,-18,2,2017,"yf"
-44,-18,2,2017,"yf"
-44,-18,2,2017,"yf"
-44,-18,2,2017,"yf"
-44,-18,2,2017,"yf"
-44,-18,2,2017,"yf"
-44,-18,2,2017,"yf"
-44,-18,2,2017,"yf"
-44,-18,2,2017,"yf"
-44,-18,2,2017,"yf"
-44,-18,2,2017,"yf"
-44,-18,2,2017,"yf"
-44,-18,2,2017,"yf"
-44,-18,2,2017,"yf"
-44,-18,2,2017,"yf"
-44,-18,2,2017,"yf"
-44,-18,2,2017,"yf"
-44,-18,2,2017,"yf"
-44,-18,2,2018,"yf"
-44,-18,2,2017,"yf"
-44,-18,2,2018,"yf"
-44,-18,2,2017,"yf"
-44,-18,2,2017,"yf"
-44,-18,2,2018,"yf"
-44,-18,2,2017,"yf"
-44,-18,2,2017,"yf"
-44,-18,2,2017,"yf"
-44,-18,2,2016,"yf"
-44,-18,2,2017,"yf"
-44,-18,2,2017,"yf"
-44,-18,2,2017,"yf"
-44,-18,2,2017,"yf"
-44,-18,2,2017,"yf"
-44,-18,2,2017,"yf"
-44,-18,2,2017,"yf"
-44,-18,2,2017,"yf"
-44,-18,2,2017,"yf"
-44,-18,2,2016,"yf"
-44,-18,2,2017,"yf"
-44,-18,2,2017,"yf"
-44,-18,2,2017,"yf"
-44,-18,2,2017,"yf"
-44,-18,2,2017,"yf"
-44,-18,2,2018,"yf"
-44,-18,2,2017,"yf"
-44,-18,2,2018,"yf"
14.58194,-3.21889,2,2018,"yf"
-48.496574,-21.261555,2,2016,"yf"
-48.496574,-21.261555,2,2017,"yf"
-43.861668,-16.735001,2,2016,"yf"
20.033331,-11.85,1,2016,"yf"
22.41667,-1.41667,2,2016,"yf"
12.35,-5.933333,2,2016,"yf"
12.35,-5.933333,2,2016,"yf"
36.816669,-1.28333,2,2016,"yf"
36.816669,-1.28333,2,2016,"yf"
36.816669,-1.28333,2,2016,"yf"
8.3,8.53333,1,2018,"yf"
8.3,8.53333,1,2019,"yf"
8.3,8.53333,1,2018,"yf"
8.3,8.53333,1,2018,"yf"
-35.209442,-5.795,2,2015,"yf"
-49.374199,-20.876892,2,2016,"yf"
-46.362019,-23.18203,2,2017,"yf"
-46.362019,-23.18203,2,2018,"yf"
15.377524,-4.414687,2,2016,"yf"
15.28535,-5.61754,2,2016,"yf"
6,10,2,2018,"yf"
6,10,2,2018,"yf"
6,10,2,2019,"yf"
6,10,2,2018,"yf"
-43.103611,-22.883329,2,2017,"yf"
-42.531109,-22.28194,2,2018,"yf"
-43.846668,-19.985556,2,2018,"yf"
-43.846668,-19.985556,2,2018,"yf"
-60.373684,-5.126305,2,2017,"yf"
-49.302589,-21.452101,2,2017,"yf"
-49.302589,-21.452101,2,2017,"yf"
-49.302589,-21.452101,2,2017,"yf"
13.91227,-5.51847,2,2016,"yf"
13.91227,-5.51847,2,2016,"yf"
13.91227,-5.51847,2,2016,"yf"
30.304831,-0.93702,1,2016,"yf"
30.304831,-0.93702,1,2016,"yf"
30.265278,-0.881944,1,2016,"yf"
30.265278,-0.881944,1,2016,"yf"
30.265278,-0.881944,1,2016,"yf"
15.33362,-5.28702,2,2016,"yf"
11.41667,-2.73333,2,2016,"yf"
28.250759,4.64083,2,2018,"yf"
-52.169628,2.70795,2,2017,"yf"
4.838763,7.088721,2,2019,"yf"
-48.82032,-21.10148,2,2017,"yf"
-48.360279,-10.212778,1,2015,"yf"
-53,-4,1,2015,"yf"
-53,-4,1,2017,"yf"
-53,-4,1,2017,"yf"
-53,-4,1,2018,"yf"
-53,-4,1,2017,"yf"
-55.166664,5.833334,2,2017,"yf"
-51,-24,2,2019,"yf"
-51,-24,2,2019,"yf"
-51,-24,2,2019,"yf"
-51,-24,2,2017,"yf"
-51,-24,2,2019,"yf"
-51,-24,2,2019,"yf"
-51,-24,2,2019,"yf"
-51,-24,2,2019,"yf"
-51,-24,2,2019,"yf"
-51,-24,2,2019,"yf"
-51,-24,2,2019,"yf"
-51,-24,2,2019,"yf"
-51,-24,2,2019,"yf"
-51.333328,-24.5,2,2019,"yf"
-55.133331,5.78333,2,2017,"yf"
-37,-8,2,2017,"yf"
-47.025612,-24.28854,2,2018,"yf"
-43.178612,-22.504999,2,2018,"yf"
-42.03936,-19.758989,2,2017,"yf"
-42.03936,-19.758989,2,2017,"yf"
-42.03936,-19.758989,2,2017,"yf"
-42.03936,-19.758989,2,2017,"yf"
-42.03936,-19.758989,2,2017,"yf"
-48.909542,-21.18684,2,2016,"yf"
-48.909542,-21.18684,2,2016,"yf"
-48.909542,-21.18684,2,2017,"yf"
-48.909542,-21.18684,2,2016,"yf"
-48.909542,-21.18684,2,2016,"yf"
-47.649166,-22.725279,2,2018,"yf"
9.75,9.166667,2,2018,"yf"
-46.562714,-21.788338,2,2017,"yf"
-42.908611,-20.416389,2,2018,"yf"
-41.949619,-20.897129,2,2017,"yf"
-41.949619,-20.897129,2,2017,"yf"
-49.376629,-21.042431,2,2016,"yf"
-49.376629,-21.042431,2,2016,"yf"
-49.398079,-21.10737,2,2017,"yf"
-49.398079,-21.10737,2,2016,"yf"
-54.295067,-15.560531,2,2018,"yf"
21.736542,-5.149982,1,2016,"yf"
24,-4,1,2016,"yf"
14.5,-5.5,2,2016,"yf"
31.416668,-0.666667,1,2016,"yf"
31.416668,-0.666667,1,2016,"yf"
31.416668,-0.666667,1,2016,"yf"
31.416668,-0.666667,1,2016,"yf"
31.416668,-0.666667,1,2016,"yf"
-75,-5,1,2015,"yf"
-75,-5,1,2015,"yf"
-47.81028,-21.1775,2,2016,"yf"
-47.81028,-21.1775,2,2017,"yf"
-46.684959,-23.609606,2,2018,"yf"
-43.765419,-20.117041,2,2018,"yf"
-42.665638,-22.189957,1,2017,"yf"
-42.665638,-22.189957,1,2017,"yf"
-42.665638,-22.189957,1,2017,"yf"
-42.665638,-22.189957,1,2018,"yf"
-42.665638,-22.189957,1,2017,"yf"
-42.665638,-22.189957,1,2018,"yf"
-42.665638,-22.189957,1,2017,"yf"
-42.665638,-22.189957,1,2017,"yf"
-42.665638,-22.189957,1,2017,"yf"
-42.665638,-22.189957,1,2017,"yf"
-42.665638,-22.189957,1,2018,"yf"
-42.665638,-22.189957,1,2017,"yf"
-42.665638,-22.189957,1,2018,"yf"
-42.665638,-22.189957,1,2018,"yf"
-42.665638,-22.189957,1,2017,"yf"
-42.665638,-22.189957,1,2017,"yf"
-42.665638,-22.189957,1,2017,"yf"
-42.665638,-22.189957,1,2018,"yf"
-42.665638,-22.189957,1,2018,"yf"
-42.665638,-22.189957,1,2017,"yf"
-42.665638,-22.189957,1,2017,"yf"
-42.665638,-22.189957,1,2017,"yf"
-42.665638,-22.189957,1,2017,"yf"
-42.665638,-22.189957,1,2017,"yf"
-42.665638,-22.189957,1,2017,"yf"
-42.665638,-22.189957,1,2017,"yf"
-42.665638,-22.189957,1,2017,"yf"
-42.665638,-22.189957,1,2018,"yf"
-42.665638,-22.189957,1,2018,"yf"
-42.665638,-22.189957,1,2017,"yf"
-42.665638,-22.189957,1,2017,"yf"
-42.665638,-22.189957,1,2018,"yf"
-42.665638,-22.189957,1,2018,"yf"
-42.665638,-22.189957,1,2018,"yf"
-42.665638,-22.189957,1,2017,"yf"
-42.665638,-22.189957,1,2018,"yf"
-42.665638,-22.189957,1,2017,"yf"
-42.665638,-22.189957,1,2017,"yf"
-42.665638,-22.189957,1,2017,"yf"
-42.665638,-22.189957,1,2018,"yf"
-42.5,-22.25,2,2018,"yf"
-42.5,-22.25,2,2018,"yf"
-42.5,-22.25,2,2018,"yf"
-43.2075,-22.902781,2,2017,"yf"
-43.2075,-22.902781,2,2018,"yf"
-43.2075,-22.902781,2,2016,"yf"
-43.2075,-22.902781,2,2018,"yf"
-43.2075,-22.902781,2,2018,"yf"
-43.2075,-22.902781,2,2017,"yf"
-43.172897,-22.906847,2,2018,"yf"
-36,-5.75,2,2017,"yf"
-36,-5.75,2,2017,"yf"
-36,-5.75,2,2017,"yf"
-36,-5.75,2,2015,"yf"
-36,-5.75,2,2017,"yf"
-36,-5.75,2,2017,"yf"
-36,-5.75,2,2017,"yf"
-36,-5.75,2,2017,"yf"
-36,-5.75,2,2017,"yf"
-54,-30,2,2017,"yf"
-40.939758,-20.78326,2,2018,"yf"
-45.766666,-22.799999,2,2016,"yf"
-45.766666,-22.799999,2,2016,"yf"
-45.766666,-22.799999,2,2016,"yf"
6.833333,4.75,2,2019,"yf"
6.833333,4.75,2,2018,"yf"
6.833333,4.75,2,2019,"yf"
6.833333,4.75,2,2018,"yf"
6.833333,4.75,2,2018,"yf"
-63,-11,2,2018,"yf"
-63,-11,2,2015,"yf"
-61,1,2,2015,"yf"
-60.894932,0.15636,2,2017,"yf"
-50.666672,-20.26667,2,2016,"yf"
29.916668,-0.75,1,2016,"yf"
29.916668,-0.75,1,2016,"yf"
29.916668,-0.75,1,2016,"yf"
29.916668,-0.75,1,2016,"yf"
29.916668,-0.75,1,2016,"yf"
29.916668,-0.75,1,2016,"yf"
29.916668,-0.75,1,2016,"yf"
29.916668,-0.75,1,2016,"yf"
29.916668,-0.75,1,2016,"yf"
29.916668,-0.75,1,2016,"yf"
-54.909332,-4.100794,2,2017,"yf"
-54.909332,-4.100794,2,2017,"yf"
-38.511002,-12.971,2,2017,"yf"
-38.511002,-12.971,2,2017,"yf"
-38.511002,-12.971,2,2017,"yf"
13.269234,-8.805688,2,2016,"yf"
-79.423431,-1.11326,2,2018,"yf"
-50,-27,2,2017,"yf"
-50,-27,2,2019,"yf"
-50,-27,2,2019,"yf"
-50,-27,2,2019,"yf"
-52.436043,-29.723991,2,2017,"yf"
-52.436043,-29.723991,2,2017,"yf"
-46.564999,-23.69389,2,2018,"yf"
-41.746941,-21.646111,2,2017,"yf"
-54.284988,-16.445471,2,2017,"yf"
-49.37944,-20.819719,2,2016,"yf"
-49.37944,-20.819719,2,2016,"yf"
-49.37944,-20.819719,2,2018,"yf"
-49.37944,-20.819719,2,2017,"yf"
-49.37944,-20.819719,2,2017,"yf"
-49.37944,-20.819719,2,2016,"yf"
-49.37944,-20.819719,2,2016,"yf"
-49.37944,-20.819719,2,2016,"yf"
-49.37944,-20.819719,2,2016,"yf"
-49.37944,-20.819719,2,2016,"yf"
-49.37944,-20.819719,2,2017,"yf"
-49,-22,2,2017,"yf"
-49,-22,2,2017,"yf"
-49,-22,2,2018,"yf"
-49,-22,2,2017,"yf"
-49,-22,2,2017,"yf"
-49,-22,2,2018,"yf"
-49,-22,2,2018,"yf"
-49,-22,2,2017,"yf"
-49,-22,2,2017,"yf"
-49,-22,2,2018,"yf"
-49,-22,2,2017,"yf"
-49,-22,2,2017,"yf"
-49,-22,2,2017,"yf"
-49,-22,2,2017,"yf"
-49,-22,2,2016,"yf"
-49,-22,2,2017,"yf"
-49,-22,2,2017,"yf"
-49,-22,2,2017,"yf"
-49,-22,2,2017,"yf"
-49,-22,2,2018,"yf"
-49,-22,2,2017,"yf"
-49,-22,2,2017,"yf"
-49,-22,2,2018,"yf"
-49,-22,2,2017,"yf"
-49,-22,2,2017,"yf"
-49,-22,2,2018,"yf"
-49,-22,2,2018,"yf"
-49,-22,2,2018,"yf"
-49,-22,2,2018,"yf"
-49,-22,2,2017,"yf"
-49,-22,2,2017,"yf"
-49,-22,2,2017,"yf"
-49,-22,2,2018,"yf"
-49,-22,2,2017,"yf"
-49,-22,2,2017,"yf"
-49,-22,2,2017,"yf"
-49,-22,2,2017,"yf"
-49,-22,2,2017,"yf"
-49,-22,2,2016,"yf"
-49,-22,2,2018,"yf"
-49,-22,2,2018,"yf"
-49,-22,2,2017,"yf"
-49,-22,2,2017,"yf"
-49,-22,2,2017,"yf"
-49,-22,2,2017,"yf"
-49,-22,2,2017,"yf"
-49,-22,2,2017,"yf"
-49,-22,2,2017,"yf"
-49,-22,2,2017,"yf"
-49,-22,2,2017,"yf"
-49,-22,2,2017,"yf"
-49,-22,2,2017,"yf"
-49,-22,2,2018,"yf"
-49,-22,2,2018,"yf"
-49,-22,2,2018,"yf"
-49,-22,2,2017,"yf"
-46.636108,-23.547501,2,2017,"yf"
-46.636108,-23.547501,2,2019,"yf"
-49,-22,2,2019,"yf"
-49,-22,2,2017,"yf"
-49,-22,2,2018,"yf"
-46.636108,-23.547501,2,2018,"yf"
-46.636108,-23.547501,2,2018,"yf"
-46.636108,-23.547501,2,2017,"yf"
-46.636108,-23.547501,2,2017,"yf"
-46.636108,-23.547501,2,2017,"yf"
-46.636108,-23.547501,2,2017,"yf"
-46.636108,-23.547501,2,2017,"yf"
-46.636108,-23.547501,2,2017,"yf"
-46.636108,-23.547501,2,2018,"yf"
-46.636108,-23.547501,2,2017,"yf"
-46.636108,-23.547501,2,2019,"yf"
-46.636108,-23.547501,2,2018,"yf"
-42.131592,-22.850269,2,2017,"yf"
-47.112804,-23.54011,2,2017,"yf"
-42.097961,-21.874018,2,2017,"yf"
-45.596809,-23.761049,2,2018,"yf"
-46.391941,-23.96306,2,2018,"yf"
-49.107449,-16.723225,2,2016,"yf"
-37.5,-10.5,2,2017,"yf"
-48.790371,-20.780661,2,2017,"yf"
-48.790371,-20.780661,2,2016,"yf"
-48.790371,-20.780661,2,2016,"yf"
-48.790371,-20.780661,2,2016,"yf"
-5.66654,11.31755,2,2019,"yf"
-5.66654,11.31755,2,2019,"yf"
-5.66654,11.31755,2,2019,"yf"
5.393955,13.11772,2,2018,"yf"
36.401482,5.46208,2,2016,"yf"
37.957767,3.47161,2,2018,"yf"
-44.555031,-18.512178,1,2017,"yf"
-49.02475,-20.923771,2,2016,"yf"
-49.02475,-20.923771,2,2016,"yf"
-49.02475,-20.923771,2,2017,"yf"
-41.50528,-17.8575,2,2017,"yf"
-42.801945,-5.089167,2,2019,"yf"
-42.978222,-22.4167,2,2018,"yf"
-48,-10.5,2,2017,"yf"
-48,-10.5,2,2015,"yf"
-48,-10.5,2,2017,"yf"
-48,-10.5,2,2017,"yf"
-48,-10.5,2,2015,"yf"
-48,-10.5,2,2017,"yf"
-48,-10.5,2,2017,"yf"
-48,-10.5,2,2015,"yf"
-48,-10.5,2,2017,"yf"
-48,-10.5,2,2017,"yf"
-48,-10.5,2,2017,"yf"
-48,-10.5,2,2017,"yf"
-48,-10.5,2,2017,"yf"
-48,-10.5,2,2017,"yf"
-48,-10.5,2,2017,"yf"
-48,-10.5,2,2018,"yf"
-48,-10.5,2,2018,"yf"
-48,-10.5,2,2017,"yf"
-48,-10.5,2,2018,"yf"
-45.547962,-22.957632,2,2017,"yf"
-45.547962,-22.957632,2,2017,"yf"
-45.25333,-21.696939,2,2017,"yf"
20.866671,-0.21667,2,2016,"yf"
20.866671,-0.21667,2,2016,"yf"
20.866671,-0.21667,2,2016,"yf"
20.866671,-0.21667,2,2016,"yf"
20.866671,-0.21667,2,2016,"yf"
20.866671,-0.21667,2,2016,"yf"
20.866671,-0.21667,2,2016,"yf"
20.866671,-0.21667,2,2016,"yf"
20.866671,-0.21667,2,2016,"yf"
20.790552,2.296943,2,2016,"yf"
-45.036331,-23.426207,2,2018,"yf"
-45.036331,-23.426207,2,2018,"yf"
-45.036331,-23.426207,2,2018,"yf"
-45.036331,-23.426207,2,2017,"yf"
15.406808,-7.173673,1,2016,"yf"
15.406808,-7.173673,1,2016,"yf"
15.406808,-7.173673,1,2016,"yf"
15.406808,-7.173673,1,2016,"yf"
15.406808,-7.173673,1,2016,"yf"
15.406808,-7.173673,1,2016,"yf"
15.406808,-7.173673,1,2016,"yf"
15.406808,-7.173673,1,2016,"yf"
15.406808,-7.173673,1,2016,"yf"
15.406808,-7.173673,1,2016,"yf"
15.406808,-7.173673,1,2016,"yf"
15.406808,-7.173673,1,2016,"yf"
15.406808,-7.173673,1,2016,"yf"
15.406808,-7.173673,1,2016,"yf"
15.406808,-7.173673,1,2016,"yf"
15.406808,-7.173673,1,2016,"yf"
-40.353661,-17.848591,2,2018,"yf"
-43.700279,-22.24556,2,2018,"yf"
-46.97488,-22.977461,2,2018,"yf"
-46.97488,-22.977461,2,2018,"yf"
-46.97488,-22.977461,2,2018,"yf"
-46.97488,-22.977461,2,2018,"yf"
-70.75,0.75,1,2016,"yf"
13.34962,-8.897137,1,2016,"yf"
13.34962,-8.897137,1,2016,"yf"
13.34962,-8.897137,1,2016,"yf"
13.34962,-8.897137,1,2016,"yf"
13.34962,-8.897137,1,2016,"yf"
13.34962,-8.897137,1,2016,"yf"
13.34962,-8.897137,1,2016,"yf"
13.34962,-8.897137,1,2016,"yf"
13.34962,-8.897137,1,2016,"yf"
13.34962,-8.897137,1,2016,"yf"
13.34962,-8.897137,1,2016,"yf"
13.34962,-8.897137,1,2016,"yf"
13.34962,-8.897137,1,2016,"yf"
-40.295776,-20.297619,2,2017,"yf"
-40.33778,-20.319441,2,2017,"yf"
0.5,7,2,2016,"yf"
-47.408985,-23.582232,2,2018,"yf"
13.51966,-6.58717,1,2016,"yf"
13.51966,-6.58717,1,2016,"yf"
13.51966,-6.58717,1,2016,"yf"
13.51966,-6.58717,1,2016,"yf"
13.51966,-6.58717,1,2016,"yf"
6.25,12.16667,1,2018,"yf"
6.25,12.16667,1,2019,"yf"
6.25,12.16667,1,2019,"yf"
6.25,12.16667,1,2018,"yf"
6.25,12.16667,1,2018,"yf"
-11.79192,8.56028,0,2015,"yf"
-61.25317,10.46864,0,2016,"yf"
-59.561951,13.17871,0,2016,"yf"
-61.25317,10.46864,0,2016,"yf"
-60.968712,13.89787,0,2016,"yf"
-80.102661,8.50719,0,2016,"yf"
-80.102661,8.50719,0,2016,"yf"
-11.79192,8.56028,0,2016,"yf"
-11.79192,8.56028,0,2016,"yf"
6.73659,0.45699,0,2016,"yf"
6.73659,0.45699,0,2016,"yf"
29.91765,-1.99789,0,2016,"yf"
29.91765,-1.99789,0,2016,"yf"
29.91765,-1.99789,0,2016,"yf"
29.91765,-1.99789,0,2016,"yf"
-23.967791,15.97897,0,2016,"yf"
0.97572,8.53496,0,2017,"yf"
-15.5,13.5,0,2018,"yf"
-15.5,13.5,0,2018,"yf"
-9.30791,6.44809,0,2018,"yf"
-15.5,13.5,0,2019,"yf"
-15.5,13.5,0,2019,"yf"
-15.5,13.5,0,2019,"yf"
14.2250605,9.6554876,-999,2023,"yf"
-10.8000051,10.2587018,2,2023,"yf"
-13.3067562,12.4894021,-999,2023,"yf"
-10.1311163,8.5649688,2,2023,"yf"
5.2579968,14.8904575,2,2024,"yf"
3.6217802,6.5227044,1,2024,"yf"
28.3987842,4.5775693,2,2024,"yf"
28.2643567,4.6340106,2,2024,"yf"
27.4673845,5.6052635,2,2024,"yf"
29.1332489,4.7928294,2,2024,"yf"
27.4702698,5.0725907,2,2024,"yf"
29.4527538,4.9108082,2,2024,"yf"
32.4467238,0.063019,2,2022,"yf"
37.5833061,0.355636,2,2022,"yf"
-1.023194,7.946527,1,2021,"yf"
-2.1450245,10.2529757,1,2021,"yf"
-1.023194,7.946527,1,2021,"yf"
0.262456747564781,9.17230603046606,1,2021,"yf"
-63.167769,9.7466994,2,2021,"yf"
7.5138947,6.4482701,1,2021,"yf"
6.9369559,6.2208997,1,2021,"yf"
8.7403687,7.3369024,1,2021,"yf"
5.9339181,5.7040308,1,2021,"yf"
3.6146534,8.1573809,1,2021,"yf"
5.598321,9.9309224,1,2021,"yf"
4.5199593,7.5628964,1,2021,"yf"
-12.2118824,14.4581116,2,2020,"yf"
-12.1747077,12.5604607,2,2020,"yf"
-11.7552333,12.836369,2,2020,"yf"
-13.594313,15.9650839,2,2020,"yf"
-13.3067562,12.4894021,2,2020,"yf"
-13.5147735,9.7907348,2,2020,"yf"
-9.8850586,10.6489229,2,2020,"yf"
6.3013432,6.2213208,2,2020,"yf"
7.5138947,6.4482701,1,2020,"yf"
10.1703797,10.8577997,-999,2020,"yf"
7.654811,6.9876439,2,2020,"yf"
8.0028892,6.4725373,2,2020,"yf"
-54.02893,3.6413216,1,2020,"yf"
10.997658,-2.9278774,2,2020,"yf"
0.3549093,10.5016095,2,2020,"yf"
38.0631455,8.1824372,1,2020,"yf"
31.5370003,3.8204234,2,2020,"yf"
31.417046,2.1127266,-999,2019,"yf"
30.9403023,3.2873127,-999,2020,"yf"
31.7280955,3.6527376,-999,2020,"yf"
-8.0738001,12.7453724,2,2019,"yf"
-7.4381355,10.8905186,2,2019,"yf"
9.9991943,10.7760624,1,2019,"yf"
7.6305748,12.3796707,1,2019,"yf"
5.9304056,6.6341831,1,2019,"yf"
8.0137302,6.2649232,1,2019,"yf"
-61.700565,5.3471799,1,2019,"yf"
8.0475413,6.5792499,2,2019,"yf"
-48.1086974,-24.5222513,2,2019,"yf"
-48.5938061,-24.5853821,2,2019,"yf"
-48.5048959,-24.7561862,2,2019,"yf"
-48.108265,-24.7300224,2,2019,"yf"
-48.0019229,-24.6943219,2,2019,"yf"
-47.8825849,-24.7139663,2,2019,"yf"
-47.8493987,-24.5083434,2,2019,"yf"
-46.699658,-22.6126745,2,2019,"yf"
-47.9279696,-24.3843891,2,2019,"yf"
-49.0083777,-24.6574438,2,2019,"yf"
-46.4161397,-22.89091,2,2019,"yf"
-48.7162067,-25.4328356,2,2019,"yf"
-48.9907432,-24.6592256,2,2019,"yf"
11.866362,-4.7691623,2,2018,"yf"
-52.3263616,4.727321,1,2018,"yf"
-46.5857876,-23.3182416,2,2018,"yf"
-44.3185172,-23.0069216,2,2018,"yf"
-43.7022996,-22.2449114,2,2018,"yf"
-42.9755379,-22.4170038,2,2018,"yf"
-43.9386685,-19.919052,2,2018,"yf"
4.3874051,8.9668961,1,2017,"yf"
8.5919561,12.0021794,1,2017,"yf"
4.0104895,11.5154127,1,2017,"yf"
6.6905836,7.7337325,1,2017,"yf"
7.7118003,8.5474692,1,2017,"yf"
6.2235819,12.1221805,1,2017,"yf"
13.34962,-8.897137,2,2015,"yf"
15.5943388,-12.5268221,1,2016,"yf"
13.914399,-12.8003744,1,2016,"yf"
14.6587821,-14.9280553,1,2016,"yf"
15.4068079,-10.595191,1,2016,"yf"
15.4068079,-7.1736732,1,2016,"yf"
13.914399,-5.2365685,1,2016,"yf"
15.310528,-4.3032527,1,2016,"yf"
31.9017954,-0.4463691,2,2016,"yf"
29.9277947,-0.751849,2,2016,"yf"
30.2512728,-0.9807341,2,2016,"yf"
31.6054893,-0.1432752,2,2016,"yf"
31.7651362,-0.0952831,2,2016,"yf"
31.2168466,-0.2240696,2,2016,"yf"
31.3541631,-0.7082941,2,2016,"yf"
